X,Y,PolygonID,CountryCode,BorderType
552.0,264.0,1,TUR,Exterior
552.0,256.0,1,TUR,Exterior
544.0,256.0,1,TUR,Exterior
536.0,256.0,1,TUR,Exterior
536.0,264.0,1,TUR,Exterior
528.0,264.0,1,TUR,Exterior
528.0,272.0,1,TUR,Exterior
528.0,280.0,1,TUR,Exterior
536.0,280.0,1,TUR,Exterior
544.0,280.0,1,TUR,Exterior
544.0,288.0,1,TUR,Exterior
536.0,288.0,1,TUR,Exterior
536.0,296.0,1,TUR,Exterior
544.0,296.0,1,TUR,Exterior
544.0,304.0,1,TUR,Exterior
552.0,304.0,1,TUR,Exterior
560.0,304.0,1,TUR,Exterior
568.0,304.0,1,TUR,Exterior
576.0,304.0,1,TUR,Exterior
584.0,304.0,1,TUR,Exterior
592.0,304.0,1,TUR,Exterior
600.0,304.0,1,TUR,Exterior
608.0,304.0,1,TUR,Exterior
608.0,296.0,1,TUR,Exterior
608.0,288.0,1,TUR,Exterior
608.0,280.0,1,TUR,Exterior
600.0,280.0,1,TUR,Exterior
600.0,272.0,1,TUR,Exterior
592.0,272.0,1,TUR,Exterior
584.0,272.0,1,TUR,Exterior
576.0,272.0,1,TUR,Exterior
568.0,272.0,1,TUR,Exterior
568.0,264.0,1,TUR,Exterior
560.0,264.0,1,TUR,Exterior
552.0,264.0,1,TUR,Exterior
544.0,280.0,2,TUR,Interior
544.0,272.0,2,TUR,Interior
552.0,272.0,2,TUR,Interior
552.0,280.0,2,TUR,Interior
544.0,280.0,2,TUR,Interior
568.0,320.0,3,LBN,Exterior
560.0,320.0,3,LBN,Exterior
560.0,328.0,3,LBN,Exterior
560.0,336.0,3,LBN,Exterior
568.0,336.0,3,LBN,Exterior
568.0,328.0,3,LBN,Exterior
576.0,328.0,3,LBN,Exterior
576.0,320.0,3,LBN,Exterior
568.0,320.0,3,LBN,Exterior
584.0,352.0,4,PSE,Exterior
584.0,344.0,4,PSE,Exterior
576.0,344.0,4,PSE,Exterior
576.0,352.0,4,PSE,Exterior
576.0,360.0,4,PSE,Exterior
584.0,360.0,4,PSE,Exterior
584.0,352.0,4,PSE,Exterior
560.0,344.0,5,PSE,Exterior
560.0,352.0,5,PSE,Exterior
568.0,352.0,5,PSE,Exterior
568.0,344.0,5,PSE,Exterior
560.0,344.0,5,PSE,Exterior
568.0,336.0,6,ISR,Exterior
560.0,336.0,6,ISR,Exterior
560.0,344.0,6,ISR,Exterior
568.0,344.0,6,ISR,Exterior
568.0,352.0,6,ISR,Exterior
568.0,360.0,6,ISR,Exterior
576.0,360.0,6,ISR,Exterior
576.0,352.0,6,ISR,Exterior
576.0,344.0,6,ISR,Exterior
576.0,336.0,6,ISR,Exterior
568.0,336.0,6,ISR,Exterior
576.0,304.0,7,SYR,Exterior
568.0,304.0,7,SYR,Exterior
568.0,312.0,7,SYR,Exterior
568.0,320.0,7,SYR,Exterior
576.0,320.0,7,SYR,Exterior
576.0,328.0,7,SYR,Exterior
584.0,328.0,7,SYR,Exterior
592.0,328.0,7,SYR,Exterior
592.0,320.0,7,SYR,Exterior
600.0,320.0,7,SYR,Exterior
600.0,312.0,7,SYR,Exterior
600.0,304.0,7,SYR,Exterior
592.0,304.0,7,SYR,Exterior
584.0,304.0,7,SYR,Exterior
576.0,304.0,7,SYR,Exterior
576.0,328.0,8,SYR,Exterior
568.0,328.0,8,SYR,Exterior
568.0,336.0,8,SYR,Exterior
576.0,336.0,8,SYR,Exterior
576.0,328.0,8,SYR,Exterior
584.0,328.0,9,JOR,Exterior
576.0,328.0,9,JOR,Exterior
576.0,336.0,9,JOR,Exterior
576.0,344.0,9,JOR,Exterior
584.0,344.0,9,JOR,Exterior
584.0,352.0,9,JOR,Exterior
584.0,360.0,9,JOR,Exterior
592.0,360.0,9,JOR,Exterior
592.0,352.0,9,JOR,Exterior
592.0,344.0,9,JOR,Exterior
592.0,336.0,9,JOR,Exterior
592.0,328.0,9,JOR,Exterior
584.0,328.0,9,JOR,Exterior
584.0,256.0,10,GEO,Exterior
584.0,264.0,10,GEO,Exterior
592.0,264.0,10,GEO,Exterior
592.0,256.0,10,GEO,Exterior
584.0,256.0,10,GEO,Exterior
600.0,352.0,11,SAU,Exterior
600.0,344.0,11,SAU,Exterior
592.0,344.0,11,SAU,Exterior
592.0,352.0,11,SAU,Exterior
592.0,360.0,11,SAU,Exterior
592.0,368.0,11,SAU,Exterior
592.0,376.0,11,SAU,Exterior
600.0,376.0,11,SAU,Exterior
608.0,376.0,11,SAU,Exterior
616.0,376.0,11,SAU,Exterior
624.0,376.0,11,SAU,Exterior
632.0,376.0,11,SAU,Exterior
640.0,376.0,11,SAU,Exterior
640.0,368.0,11,SAU,Exterior
632.0,368.0,11,SAU,Exterior
624.0,368.0,11,SAU,Exterior
624.0,360.0,11,SAU,Exterior
616.0,360.0,11,SAU,Exterior
608.0,360.0,11,SAU,Exterior
608.0,352.0,11,SAU,Exterior
600.0,352.0,11,SAU,Exterior
584.0,264.0,12,ARM,Exterior
584.0,272.0,12,ARM,Exterior
592.0,272.0,12,ARM,Exterior
592.0,264.0,12,ARM,Exterior
584.0,264.0,12,ARM,Exterior
608.0,304.0,13,IRQ,Exterior
600.0,304.0,13,IRQ,Exterior
600.0,312.0,13,IRQ,Exterior
600.0,320.0,13,IRQ,Exterior
592.0,320.0,13,IRQ,Exterior
592.0,328.0,13,IRQ,Exterior
592.0,336.0,13,IRQ,Exterior
592.0,344.0,13,IRQ,Exterior
600.0,344.0,13,IRQ,Exterior
600.0,352.0,13,IRQ,Exterior
608.0,352.0,13,IRQ,Exterior
608.0,360.0,13,IRQ,Exterior
616.0,360.0,13,IRQ,Exterior
616.0,352.0,13,IRQ,Exterior
624.0,352.0,13,IRQ,Exterior
624.0,344.0,13,IRQ,Exterior
624.0,336.0,13,IRQ,Exterior
616.0,336.0,13,IRQ,Exterior
616.0,328.0,13,IRQ,Exterior
616.0,320.0,13,IRQ,Exterior
616.0,312.0,13,IRQ,Exterior
616.0,304.0,13,IRQ,Exterior
608.0,304.0,13,IRQ,Exterior
528.0,136.0,14,RUS,Exterior
528.0,128.0,14,RUS,Exterior
520.0,128.0,14,RUS,Exterior
520.0,136.0,14,RUS,Exterior
520.0,144.0,14,RUS,Exterior
520.0,152.0,14,RUS,Exterior
528.0,152.0,14,RUS,Exterior
536.0,152.0,14,RUS,Exterior
536.0,160.0,14,RUS,Exterior
528.0,160.0,14,RUS,Exterior
528.0,168.0,14,RUS,Exterior
528.0,176.0,14,RUS,Exterior
528.0,184.0,14,RUS,Exterior
536.0,184.0,14,RUS,Exterior
536.0,192.0,14,RUS,Exterior
544.0,192.0,14,RUS,Exterior
552.0,192.0,14,RUS,Exterior
552.0,200.0,14,RUS,Exterior
560.0,200.0,14,RUS,Exterior
560.0,208.0,14,RUS,Exterior
560.0,216.0,14,RUS,Exterior
560.0,224.0,14,RUS,Exterior
560.0,232.0,14,RUS,Exterior
568.0,232.0,14,RUS,Exterior
576.0,232.0,14,RUS,Exterior
576.0,240.0,14,RUS,Exterior
584.0,240.0,14,RUS,Exterior
584.0,248.0,14,RUS,Exterior
592.0,248.0,14,RUS,Exterior
592.0,256.0,14,RUS,Exterior
600.0,256.0,14,RUS,Exterior
600.0,248.0,14,RUS,Exterior
600.0,240.0,14,RUS,Exterior
600.0,232.0,14,RUS,Exterior
600.0,224.0,14,RUS,Exterior
600.0,216.0,14,RUS,Exterior
600.0,208.0,14,RUS,Exterior
600.0,200.0,14,RUS,Exterior
600.0,192.0,14,RUS,Exterior
592.0,192.0,14,RUS,Exterior
584.0,192.0,14,RUS,Exterior
584.0,184.0,14,RUS,Exterior
584.0,176.0,14,RUS,Exterior
584.0,168.0,14,RUS,Exterior
576.0,168.0,14,RUS,Exterior
568.0,168.0,14,RUS,Exterior
560.0,168.0,14,RUS,Exterior
560.0,160.0,14,RUS,Exterior
560.0,152.0,14,RUS,Exterior
552.0,152.0,14,RUS,Exterior
544.0,152.0,14,RUS,Exterior
544.0,144.0,14,RUS,Exterior
536.0,144.0,14,RUS,Exterior
536.0,136.0,14,RUS,Exterior
528.0,136.0,14,RUS,Exterior
600.0,256.0,15,AZE,Exterior
592.0,256.0,15,AZE,Exterior
592.0,264.0,15,AZE,Exterior
592.0,272.0,15,AZE,Exterior
600.0,272.0,15,AZE,Exterior
600.0,280.0,15,AZE,Exterior
608.0,280.0,15,AZE,Exterior
608.0,272.0,15,AZE,Exterior
608.0,264.0,15,AZE,Exterior
608.0,256.0,15,AZE,Exterior
600.0,256.0,15,AZE,Exterior
616.0,280.0,16,IRN,Exterior
616.0,272.0,16,IRN,Exterior
608.0,272.0,16,IRN,Exterior
608.0,280.0,16,IRN,Exterior
608.0,288.0,16,IRN,Exterior
608.0,296.0,16,IRN,Exterior
608.0,304.0,16,IRN,Exterior
616.0,304.0,16,IRN,Exterior
616.0,312.0,16,IRN,Exterior
616.0,320.0,16,IRN,Exterior
624.0,320.0,16,IRN,Exterior
632.0,320.0,16,IRN,Exterior
640.0,320.0,16,IRN,Exterior
648.0,320.0,16,IRN,Exterior
656.0,320.0,16,IRN,Exterior
656.0,328.0,16,IRN,Exterior
664.0,328.0,16,IRN,Exterior
672.0,328.0,16,IRN,Exterior
672.0,320.0,16,IRN,Exterior
672.0,312.0,16,IRN,Exterior
672.0,304.0,16,IRN,Exterior
672.0,296.0,16,IRN,Exterior
672.0,288.0,16,IRN,Exterior
672.0,280.0,16,IRN,Exterior
664.0,280.0,16,IRN,Exterior
656.0,280.0,16,IRN,Exterior
648.0,280.0,16,IRN,Exterior
640.0,280.0,16,IRN,Exterior
632.0,280.0,16,IRN,Exterior
624.0,280.0,16,IRN,Exterior
616.0,280.0,16,IRN,Exterior
616.0,376.0,17,YEM,Exterior
608.0,376.0,17,YEM,Exterior
608.0,384.0,17,YEM,Exterior
608.0,392.0,17,YEM,Exterior
608.0,400.0,17,YEM,Exterior
616.0,400.0,17,YEM,Exterior
616.0,408.0,17,YEM,Exterior
624.0,408.0,17,YEM,Exterior
624.0,400.0,17,YEM,Exterior
632.0,400.0,17,YEM,Exterior
640.0,400.0,17,YEM,Exterior
648.0,400.0,17,YEM,Exterior
648.0,392.0,17,YEM,Exterior
648.0,384.0,17,YEM,Exterior
640.0,384.0,17,YEM,Exterior
632.0,384.0,17,YEM,Exterior
632.0,376.0,17,YEM,Exterior
624.0,376.0,17,YEM,Exterior
616.0,376.0,17,YEM,Exterior
616.0,352.0,18,KWT,Exterior
616.0,360.0,18,KWT,Exterior
624.0,360.0,18,KWT,Exterior
624.0,352.0,18,KWT,Exterior
616.0,352.0,18,KWT,Exterior
632.0,248.0,19,UZB,Exterior
624.0,248.0,19,UZB,Exterior
624.0,256.0,19,UZB,Exterior
632.0,256.0,19,UZB,Exterior
640.0,256.0,19,UZB,Exterior
640.0,264.0,19,UZB,Exterior
648.0,264.0,19,UZB,Exterior
648.0,272.0,19,UZB,Exterior
648.0,280.0,19,UZB,Exterior
656.0,280.0,19,UZB,Exterior
664.0,280.0,19,UZB,Exterior
664.0,272.0,19,UZB,Exterior
664.0,264.0,19,UZB,Exterior
672.0,264.0,19,UZB,Exterior
672.0,256.0,19,UZB,Exterior
672.0,248.0,19,UZB,Exterior
664.0,248.0,19,UZB,Exterior
656.0,248.0,19,UZB,Exterior
648.0,248.0,19,UZB,Exterior
640.0,248.0,19,UZB,Exterior
632.0,248.0,19,UZB,Exterior
648.0,360.0,20,ARE,Exterior
648.0,352.0,20,ARE,Exterior
640.0,352.0,20,ARE,Exterior
640.0,360.0,20,ARE,Exterior
632.0,360.0,20,ARE,Exterior
624.0,360.0,20,ARE,Exterior
624.0,368.0,20,ARE,Exterior
632.0,368.0,20,ARE,Exterior
640.0,368.0,20,ARE,Exterior
640.0,376.0,20,ARE,Exterior
648.0,376.0,20,ARE,Exterior
648.0,368.0,20,ARE,Exterior
656.0,368.0,20,ARE,Exterior
656.0,360.0,20,ARE,Exterior
648.0,360.0,20,ARE,Exterior
632.0,336.0,21,BHR,Exterior
632.0,344.0,21,BHR,Exterior
640.0,344.0,21,BHR,Exterior
640.0,336.0,21,BHR,Exterior
632.0,336.0,21,BHR,Exterior
632.0,352.0,22,QAT,Exterior
632.0,360.0,22,QAT,Exterior
640.0,360.0,22,QAT,Exterior
640.0,352.0,22,QAT,Exterior
632.0,352.0,22,QAT,Exterior
640.0,272.0,23,TKM,Exterior
632.0,272.0,23,TKM,Exterior
632.0,280.0,23,TKM,Exterior
640.0,280.0,23,TKM,Exterior
648.0,280.0,23,TKM,Exterior
648.0,272.0,23,TKM,Exterior
640.0,272.0,23,TKM,Exterior
648.0,376.0,24,OMN,Exterior
656.0,376.0,24,OMN,Exterior
656.0,368.0,24,OMN,Exterior
648.0,368.0,24,OMN,Exterior
648.0,376.0,24,OMN,Exterior
640.0,376.0,25,OMN,Exterior
632.0,376.0,25,OMN,Exterior
632.0,384.0,25,OMN,Exterior
640.0,384.0,25,OMN,Exterior
648.0,384.0,25,OMN,Exterior
648.0,376.0,25,OMN,Exterior
640.0,376.0,25,OMN,Exterior
664.0,232.0,26,KAZ,Exterior
656.0,232.0,26,KAZ,Exterior
656.0,240.0,26,KAZ,Exterior
656.0,248.0,26,KAZ,Exterior
664.0,248.0,26,KAZ,Exterior
672.0,248.0,26,KAZ,Exterior
680.0,248.0,26,KAZ,Exterior
688.0,248.0,26,KAZ,Exterior
688.0,240.0,26,KAZ,Exterior
688.0,232.0,26,KAZ,Exterior
680.0,232.0,26,KAZ,Exterior
672.0,232.0,26,KAZ,Exterior
664.0,232.0,26,KAZ,Exterior
680.0,264.0,27,TJK,Exterior
680.0,256.0,27,TJK,Exterior
672.0,256.0,27,TJK,Exterior
672.0,264.0,27,TJK,Exterior
664.0,264.0,27,TJK,Exterior
664.0,272.0,27,TJK,Exterior
664.0,280.0,27,TJK,Exterior
672.0,280.0,27,TJK,Exterior
672.0,272.0,27,TJK,Exterior
680.0,272.0,27,TJK,Exterior
680.0,264.0,27,TJK,Exterior
720.0,248.0,28,PAK,Exterior
712.0,248.0,28,PAK,Exterior
712.0,256.0,28,PAK,Exterior
712.0,264.0,28,PAK,Exterior
704.0,264.0,28,PAK,Exterior
704.0,272.0,28,PAK,Exterior
704.0,280.0,28,PAK,Exterior
696.0,280.0,28,PAK,Exterior
696.0,288.0,28,PAK,Exterior
696.0,296.0,28,PAK,Exterior
688.0,296.0,28,PAK,Exterior
688.0,304.0,28,PAK,Exterior
688.0,312.0,28,PAK,Exterior
680.0,312.0,28,PAK,Exterior
680.0,320.0,28,PAK,Exterior
672.0,320.0,28,PAK,Exterior
672.0,328.0,28,PAK,Exterior
664.0,328.0,28,PAK,Exterior
664.0,336.0,28,PAK,Exterior
672.0,336.0,28,PAK,Exterior
672.0,344.0,28,PAK,Exterior
672.0,352.0,28,PAK,Exterior
680.0,352.0,28,PAK,Exterior
680.0,360.0,28,PAK,Exterior
680.0,368.0,28,PAK,Exterior
688.0,368.0,28,PAK,Exterior
688.0,376.0,28,PAK,Exterior
696.0,376.0,28,PAK,Exterior
696.0,384.0,28,PAK,Exterior
704.0,384.0,28,PAK,Exterior
704.0,392.0,28,PAK,Exterior
712.0,392.0,28,PAK,Exterior
720.0,392.0,28,PAK,Exterior
720.0,384.0,28,PAK,Exterior
712.0,384.0,28,PAK,Exterior
712.0,376.0,28,PAK,Exterior
704.0,376.0,28,PAK,Exterior
704.0,368.0,28,PAK,Exterior
704.0,360.0,28,PAK,Exterior
712.0,360.0,28,PAK,Exterior
720.0,360.0,28,PAK,Exterior
728.0,360.0,28,PAK,Exterior
728.0,352.0,28,PAK,Exterior
728.0,344.0,28,PAK,Exterior
736.0,344.0,28,PAK,Exterior
736.0,336.0,28,PAK,Exterior
744.0,336.0,28,PAK,Exterior
744.0,328.0,28,PAK,Exterior
744.0,320.0,28,PAK,Exterior
752.0,320.0,28,PAK,Exterior
752.0,312.0,28,PAK,Exterior
744.0,312.0,28,PAK,Exterior
744.0,304.0,28,PAK,Exterior
744.0,296.0,28,PAK,Exterior
736.0,296.0,28,PAK,Exterior
736.0,288.0,28,PAK,Exterior
736.0,280.0,28,PAK,Exterior
728.0,280.0,28,PAK,Exterior
728.0,272.0,28,PAK,Exterior
736.0,272.0,28,PAK,Exterior
736.0,264.0,28,PAK,Exterior
744.0,264.0,28,PAK,Exterior
744.0,256.0,28,PAK,Exterior
736.0,256.0,28,PAK,Exterior
728.0,256.0,28,PAK,Exterior
728.0,248.0,28,PAK,Exterior
720.0,248.0,28,PAK,Exterior
704.0,272.0,29,AFG,Exterior
704.0,264.0,29,AFG,Exterior
696.0,264.0,29,AFG,Exterior
696.0,272.0,29,AFG,Exterior
688.0,272.0,29,AFG,Exterior
680.0,272.0,29,AFG,Exterior
672.0,272.0,29,AFG,Exterior
672.0,280.0,29,AFG,Exterior
672.0,288.0,29,AFG,Exterior
672.0,296.0,29,AFG,Exterior
672.0,304.0,29,AFG,Exterior
672.0,312.0,29,AFG,Exterior
672.0,320.0,29,AFG,Exterior
680.0,320.0,29,AFG,Exterior
680.0,312.0,29,AFG,Exterior
688.0,312.0,29,AFG,Exterior
688.0,304.0,29,AFG,Exterior
688.0,296.0,29,AFG,Exterior
696.0,296.0,29,AFG,Exterior
696.0,288.0,29,AFG,Exterior
696.0,280.0,29,AFG,Exterior
704.0,280.0,29,AFG,Exterior
704.0,272.0,29,AFG,Exterior
680.0,248.0,30,KGZ,Exterior
672.0,248.0,30,KGZ,Exterior
672.0,256.0,30,KGZ,Exterior
680.0,256.0,30,KGZ,Exterior
688.0,256.0,30,KGZ,Exterior
696.0,256.0,30,KGZ,Exterior
696.0,248.0,30,KGZ,Exterior
688.0,248.0,30,KGZ,Exterior
680.0,248.0,30,KGZ,Exterior
776.0,248.0,31,IND,Exterior
768.0,248.0,31,IND,Exterior
768.0,256.0,31,IND,Exterior
760.0,256.0,31,IND,Exterior
752.0,256.0,31,IND,Exterior
752.0,264.0,31,IND,Exterior
744.0,264.0,31,IND,Exterior
736.0,264.0,31,IND,Exterior
736.0,272.0,31,IND,Exterior
728.0,272.0,31,IND,Exterior
728.0,280.0,31,IND,Exterior
736.0,280.0,31,IND,Exterior
736.0,288.0,31,IND,Exterior
736.0,296.0,31,IND,Exterior
744.0,296.0,31,IND,Exterior
744.0,304.0,31,IND,Exterior
744.0,312.0,31,IND,Exterior
752.0,312.0,31,IND,Exterior
752.0,320.0,31,IND,Exterior
744.0,320.0,31,IND,Exterior
744.0,328.0,31,IND,Exterior
744.0,336.0,31,IND,Exterior
736.0,336.0,31,IND,Exterior
736.0,344.0,31,IND,Exterior
728.0,344.0,31,IND,Exterior
728.0,352.0,31,IND,Exterior
728.0,360.0,31,IND,Exterior
720.0,360.0,31,IND,Exterior
712.0,360.0,31,IND,Exterior
704.0,360.0,31,IND,Exterior
704.0,368.0,31,IND,Exterior
704.0,376.0,31,IND,Exterior
712.0,376.0,31,IND,Exterior
712.0,384.0,31,IND,Exterior
720.0,384.0,31,IND,Exterior
720.0,392.0,31,IND,Exterior
712.0,392.0,31,IND,Exterior
704.0,392.0,31,IND,Exterior
704.0,384.0,31,IND,Exterior
696.0,384.0,31,IND,Exterior
696.0,392.0,31,IND,Exterior
696.0,400.0,31,IND,Exterior
696.0,408.0,31,IND,Exterior
696.0,416.0,31,IND,Exterior
704.0,416.0,31,IND,Exterior
712.0,416.0,31,IND,Exterior
712.0,424.0,31,IND,Exterior
704.0,424.0,31,IND,Exterior
696.0,424.0,31,IND,Exterior
696.0,432.0,31,IND,Exterior
704.0,432.0,31,IND,Exterior
704.0,440.0,31,IND,Exterior
712.0,440.0,31,IND,Exterior
712.0,448.0,31,IND,Exterior
720.0,448.0,31,IND,Exterior
728.0,448.0,31,IND,Exterior
728.0,456.0,31,IND,Exterior
728.0,464.0,31,IND,Exterior
728.0,472.0,31,IND,Exterior
728.0,480.0,31,IND,Exterior
728.0,488.0,31,IND,Exterior
728.0,496.0,31,IND,Exterior
736.0,496.0,31,IND,Exterior
736.0,504.0,31,IND,Exterior
736.0,512.0,31,IND,Exterior
736.0,520.0,31,IND,Exterior
736.0,528.0,31,IND,Exterior
744.0,528.0,31,IND,Exterior
744.0,536.0,31,IND,Exterior
744.0,544.0,31,IND,Exterior
744.0,552.0,31,IND,Exterior
744.0,560.0,31,IND,Exterior
744.0,568.0,31,IND,Exterior
744.0,576.0,31,IND,Exterior
752.0,576.0,31,IND,Exterior
752.0,584.0,31,IND,Exterior
752.0,592.0,31,IND,Exterior
752.0,600.0,31,IND,Exterior
752.0,608.0,31,IND,Exterior
760.0,608.0,31,IND,Exterior
760.0,616.0,31,IND,Exterior
768.0,616.0,31,IND,Exterior
768.0,624.0,31,IND,Exterior
776.0,624.0,31,IND,Exterior
776.0,616.0,31,IND,Exterior
784.0,616.0,31,IND,Exterior
784.0,608.0,31,IND,Exterior
784.0,600.0,31,IND,Exterior
792.0,600.0,31,IND,Exterior
792.0,592.0,31,IND,Exterior
800.0,592.0,31,IND,Exterior
800.0,584.0,31,IND,Exterior
800.0,576.0,31,IND,Exterior
800.0,568.0,31,IND,Exterior
808.0,568.0,31,IND,Exterior
808.0,560.0,31,IND,Exterior
808.0,552.0,31,IND,Exterior
808.0,544.0,31,IND,Exterior
808.0,536.0,31,IND,Exterior
816.0,536.0,31,IND,Exterior
816.0,528.0,31,IND,Exterior
816.0,520.0,31,IND,Exterior
816.0,512.0,31,IND,Exterior
816.0,504.0,31,IND,Exterior
824.0,504.0,31,IND,Exterior
824.0,496.0,31,IND,Exterior
832.0,496.0,31,IND,Exterior
832.0,488.0,31,IND,Exterior
840.0,488.0,31,IND,Exterior
840.0,480.0,31,IND,Exterior
840.0,472.0,31,IND,Exterior
840.0,464.0,31,IND,Exterior
848.0,464.0,31,IND,Exterior
848.0,456.0,31,IND,Exterior
848.0,448.0,31,IND,Exterior
856.0,448.0,31,IND,Exterior
856.0,440.0,31,IND,Exterior
864.0,440.0,31,IND,Exterior
864.0,432.0,31,IND,Exterior
864.0,424.0,31,IND,Exterior
872.0,424.0,31,IND,Exterior
872.0,416.0,31,IND,Exterior
872.0,408.0,31,IND,Exterior
872.0,400.0,31,IND,Exterior
864.0,400.0,31,IND,Exterior
864.0,392.0,31,IND,Exterior
856.0,392.0,31,IND,Exterior
856.0,384.0,31,IND,Exterior
856.0,376.0,31,IND,Exterior
856.0,368.0,31,IND,Exterior
864.0,368.0,31,IND,Exterior
864.0,360.0,31,IND,Exterior
856.0,360.0,31,IND,Exterior
856.0,352.0,31,IND,Exterior
856.0,344.0,31,IND,Exterior
864.0,344.0,31,IND,Exterior
872.0,344.0,31,IND,Exterior
872.0,352.0,31,IND,Exterior
880.0,352.0,31,IND,Exterior
888.0,352.0,31,IND,Exterior
896.0,352.0,31,IND,Exterior
896.0,360.0,31,IND,Exterior
904.0,360.0,31,IND,Exterior
912.0,360.0,31,IND,Exterior
920.0,360.0,31,IND,Exterior
920.0,368.0,31,IND,Exterior
920.0,376.0,31,IND,Exterior
912.0,376.0,31,IND,Exterior
904.0,376.0,31,IND,Exterior
904.0,384.0,31,IND,Exterior
904.0,392.0,31,IND,Exterior
904.0,400.0,31,IND,Exterior
912.0,400.0,31,IND,Exterior
912.0,392.0,31,IND,Exterior
920.0,392.0,31,IND,Exterior
920.0,400.0,31,IND,Exterior
920.0,408.0,31,IND,Exterior
928.0,408.0,31,IND,Exterior
936.0,408.0,31,IND,Exterior
936.0,400.0,31,IND,Exterior
944.0,400.0,31,IND,Exterior
944.0,392.0,31,IND,Exterior
952.0,392.0,31,IND,Exterior
952.0,384.0,31,IND,Exterior
952.0,376.0,31,IND,Exterior
952.0,368.0,31,IND,Exterior
952.0,360.0,31,IND,Exterior
944.0,360.0,31,IND,Exterior
936.0,360.0,31,IND,Exterior
936.0,352.0,31,IND,Exterior
928.0,352.0,31,IND,Exterior
928.0,344.0,31,IND,Exterior
920.0,344.0,31,IND,Exterior
920.0,336.0,31,IND,Exterior
912.0,336.0,31,IND,Exterior
904.0,336.0,31,IND,Exterior
896.0,336.0,31,IND,Exterior
888.0,336.0,31,IND,Exterior
880.0,336.0,31,IND,Exterior
872.0,336.0,31,IND,Exterior
864.0,336.0,31,IND,Exterior
856.0,336.0,31,IND,Exterior
856.0,328.0,31,IND,Exterior
848.0,328.0,31,IND,Exterior
840.0,328.0,31,IND,Exterior
840.0,320.0,31,IND,Exterior
832.0,320.0,31,IND,Exterior
824.0,320.0,31,IND,Exterior
824.0,312.0,31,IND,Exterior
816.0,312.0,31,IND,Exterior
816.0,304.0,31,IND,Exterior
808.0,304.0,31,IND,Exterior
808.0,296.0,31,IND,Exterior
808.0,288.0,31,IND,Exterior
808.0,280.0,31,IND,Exterior
808.0,272.0,31,IND,Exterior
800.0,272.0,31,IND,Exterior
800.0,264.0,31,IND,Exterior
800.0,256.0,31,IND,Exterior
792.0,256.0,31,IND,Exterior
792.0,248.0,31,IND,Exterior
784.0,248.0,31,IND,Exterior
776.0,248.0,31,IND,Exterior
728.0,448.0,32,IND,Interior
728.0,440.0,32,IND,Interior
728.0,432.0,32,IND,Interior
736.0,432.0,32,IND,Interior
736.0,440.0,32,IND,Interior
736.0,448.0,32,IND,Interior
728.0,448.0,32,IND,Interior
792.0,608.0,33,LKA,Exterior
784.0,608.0,33,LKA,Exterior
784.0,616.0,33,LKA,Exterior
784.0,624.0,33,LKA,Exterior
784.0,632.0,33,LKA,Exterior
776.0,632.0,33,LKA,Exterior
776.0,640.0,33,LKA,Exterior
784.0,640.0,33,LKA,Exterior
784.0,648.0,33,LKA,Exterior
792.0,648.0,33,LKA,Exterior
800.0,648.0,33,LKA,Exterior
800.0,640.0,33,LKA,Exterior
800.0,632.0,33,LKA,Exterior
800.0,624.0,33,LKA,Exterior
800.0,616.0,33,LKA,Exterior
800.0,608.0,33,LKA,Exterior
792.0,608.0,33,LKA,Exterior
816.0,296.0,34,NPL,Exterior
816.0,288.0,34,NPL,Exterior
808.0,288.0,34,NPL,Exterior
808.0,296.0,34,NPL,Exterior
808.0,304.0,34,NPL,Exterior
816.0,304.0,34,NPL,Exterior
816.0,312.0,34,NPL,Exterior
824.0,312.0,34,NPL,Exterior
824.0,320.0,34,NPL,Exterior
832.0,320.0,34,NPL,Exterior
840.0,320.0,34,NPL,Exterior
840.0,328.0,34,NPL,Exterior
848.0,328.0,34,NPL,Exterior
856.0,328.0,34,NPL,Exterior
856.0,336.0,34,NPL,Exterior
864.0,336.0,34,NPL,Exterior
864.0,328.0,34,NPL,Exterior
864.0,320.0,34,NPL,Exterior
856.0,320.0,34,NPL,Exterior
856.0,312.0,34,NPL,Exterior
848.0,312.0,34,NPL,Exterior
840.0,312.0,34,NPL,Exterior
840.0,304.0,34,NPL,Exterior
832.0,304.0,34,NPL,Exterior
824.0,304.0,34,NPL,Exterior
824.0,296.0,34,NPL,Exterior
816.0,296.0,34,NPL,Exterior
1072.0,120.0,35,CHN,Exterior
1064.0,120.0,35,CHN,Exterior
1064.0,128.0,35,CHN,Exterior
1056.0,128.0,35,CHN,Exterior
1056.0,136.0,35,CHN,Exterior
1056.0,144.0,35,CHN,Exterior
1048.0,144.0,35,CHN,Exterior
1048.0,152.0,35,CHN,Exterior
1040.0,152.0,35,CHN,Exterior
1040.0,160.0,35,CHN,Exterior
1048.0,160.0,35,CHN,Exterior
1056.0,160.0,35,CHN,Exterior
1056.0,168.0,35,CHN,Exterior
1048.0,168.0,35,CHN,Exterior
1048.0,176.0,35,CHN,Exterior
1040.0,176.0,35,CHN,Exterior
1040.0,184.0,35,CHN,Exterior
1040.0,192.0,35,CHN,Exterior
1032.0,192.0,35,CHN,Exterior
1032.0,200.0,35,CHN,Exterior
1024.0,200.0,35,CHN,Exterior
1024.0,208.0,35,CHN,Exterior
1016.0,208.0,35,CHN,Exterior
1016.0,216.0,35,CHN,Exterior
1008.0,216.0,35,CHN,Exterior
1000.0,216.0,35,CHN,Exterior
992.0,216.0,35,CHN,Exterior
992.0,224.0,35,CHN,Exterior
984.0,224.0,35,CHN,Exterior
976.0,224.0,35,CHN,Exterior
976.0,232.0,35,CHN,Exterior
968.0,232.0,35,CHN,Exterior
960.0,232.0,35,CHN,Exterior
952.0,232.0,35,CHN,Exterior
944.0,232.0,35,CHN,Exterior
936.0,232.0,35,CHN,Exterior
936.0,224.0,35,CHN,Exterior
928.0,224.0,35,CHN,Exterior
920.0,224.0,35,CHN,Exterior
920.0,216.0,35,CHN,Exterior
912.0,216.0,35,CHN,Exterior
912.0,208.0,35,CHN,Exterior
912.0,200.0,35,CHN,Exterior
904.0,200.0,35,CHN,Exterior
896.0,200.0,35,CHN,Exterior
896.0,192.0,35,CHN,Exterior
888.0,192.0,35,CHN,Exterior
880.0,192.0,35,CHN,Exterior
872.0,192.0,35,CHN,Exterior
864.0,192.0,35,CHN,Exterior
864.0,200.0,35,CHN,Exterior
856.0,200.0,35,CHN,Exterior
848.0,200.0,35,CHN,Exterior
848.0,208.0,35,CHN,Exterior
840.0,208.0,35,CHN,Exterior
840.0,216.0,35,CHN,Exterior
840.0,224.0,35,CHN,Exterior
840.0,232.0,35,CHN,Exterior
840.0,240.0,35,CHN,Exterior
832.0,240.0,35,CHN,Exterior
832.0,248.0,35,CHN,Exterior
832.0,256.0,35,CHN,Exterior
824.0,256.0,35,CHN,Exterior
824.0,264.0,35,CHN,Exterior
816.0,264.0,35,CHN,Exterior
816.0,272.0,35,CHN,Exterior
808.0,272.0,35,CHN,Exterior
808.0,280.0,35,CHN,Exterior
808.0,288.0,35,CHN,Exterior
816.0,288.0,35,CHN,Exterior
816.0,296.0,35,CHN,Exterior
824.0,296.0,35,CHN,Exterior
824.0,304.0,35,CHN,Exterior
832.0,304.0,35,CHN,Exterior
840.0,304.0,35,CHN,Exterior
840.0,312.0,35,CHN,Exterior
848.0,312.0,35,CHN,Exterior
856.0,312.0,35,CHN,Exterior
856.0,320.0,35,CHN,Exterior
864.0,320.0,35,CHN,Exterior
864.0,328.0,35,CHN,Exterior
864.0,336.0,35,CHN,Exterior
872.0,336.0,35,CHN,Exterior
880.0,336.0,35,CHN,Exterior
888.0,336.0,35,CHN,Exterior
896.0,336.0,35,CHN,Exterior
904.0,336.0,35,CHN,Exterior
912.0,336.0,35,CHN,Exterior
920.0,336.0,35,CHN,Exterior
920.0,344.0,35,CHN,Exterior
928.0,344.0,35,CHN,Exterior
928.0,352.0,35,CHN,Exterior
936.0,352.0,35,CHN,Exterior
936.0,360.0,35,CHN,Exterior
944.0,360.0,35,CHN,Exterior
952.0,360.0,35,CHN,Exterior
952.0,368.0,35,CHN,Exterior
952.0,376.0,35,CHN,Exterior
952.0,384.0,35,CHN,Exterior
952.0,392.0,35,CHN,Exterior
944.0,392.0,35,CHN,Exterior
944.0,400.0,35,CHN,Exterior
944.0,408.0,35,CHN,Exterior
944.0,416.0,35,CHN,Exterior
952.0,416.0,35,CHN,Exterior
952.0,424.0,35,CHN,Exterior
960.0,424.0,35,CHN,Exterior
960.0,416.0,35,CHN,Exterior
968.0,416.0,35,CHN,Exterior
968.0,408.0,35,CHN,Exterior
968.0,400.0,35,CHN,Exterior
968.0,392.0,35,CHN,Exterior
976.0,392.0,35,CHN,Exterior
984.0,392.0,35,CHN,Exterior
992.0,392.0,35,CHN,Exterior
992.0,400.0,35,CHN,Exterior
1000.0,400.0,35,CHN,Exterior
1008.0,400.0,35,CHN,Exterior
1016.0,400.0,35,CHN,Exterior
1016.0,392.0,35,CHN,Exterior
1016.0,384.0,35,CHN,Exterior
1024.0,384.0,35,CHN,Exterior
1024.0,376.0,35,CHN,Exterior
1024.0,368.0,35,CHN,Exterior
1032.0,368.0,35,CHN,Exterior
1032.0,360.0,35,CHN,Exterior
1040.0,360.0,35,CHN,Exterior
1040.0,352.0,35,CHN,Exterior
1048.0,352.0,35,CHN,Exterior
1048.0,344.0,35,CHN,Exterior
1056.0,344.0,35,CHN,Exterior
1056.0,336.0,35,CHN,Exterior
1056.0,328.0,35,CHN,Exterior
1064.0,328.0,35,CHN,Exterior
1064.0,320.0,35,CHN,Exterior
1064.0,312.0,35,CHN,Exterior
1064.0,304.0,35,CHN,Exterior
1064.0,296.0,35,CHN,Exterior
1056.0,296.0,35,CHN,Exterior
1056.0,288.0,35,CHN,Exterior
1048.0,288.0,35,CHN,Exterior
1048.0,280.0,35,CHN,Exterior
1048.0,272.0,35,CHN,Exterior
1056.0,272.0,35,CHN,Exterior
1056.0,264.0,35,CHN,Exterior
1064.0,264.0,35,CHN,Exterior
1064.0,256.0,35,CHN,Exterior
1056.0,256.0,35,CHN,Exterior
1048.0,256.0,35,CHN,Exterior
1048.0,248.0,35,CHN,Exterior
1048.0,240.0,35,CHN,Exterior
1048.0,232.0,35,CHN,Exterior
1056.0,232.0,35,CHN,Exterior
1064.0,232.0,35,CHN,Exterior
1064.0,240.0,35,CHN,Exterior
1072.0,240.0,35,CHN,Exterior
1080.0,240.0,35,CHN,Exterior
1080.0,232.0,35,CHN,Exterior
1088.0,232.0,35,CHN,Exterior
1088.0,224.0,35,CHN,Exterior
1096.0,224.0,35,CHN,Exterior
1096.0,216.0,35,CHN,Exterior
1104.0,216.0,35,CHN,Exterior
1104.0,208.0,35,CHN,Exterior
1112.0,208.0,35,CHN,Exterior
1112.0,200.0,35,CHN,Exterior
1120.0,200.0,35,CHN,Exterior
1120.0,192.0,35,CHN,Exterior
1128.0,192.0,35,CHN,Exterior
1128.0,184.0,35,CHN,Exterior
1128.0,176.0,35,CHN,Exterior
1128.0,168.0,35,CHN,Exterior
1128.0,160.0,35,CHN,Exterior
1120.0,160.0,35,CHN,Exterior
1112.0,160.0,35,CHN,Exterior
1112.0,152.0,35,CHN,Exterior
1104.0,152.0,35,CHN,Exterior
1096.0,152.0,35,CHN,Exterior
1096.0,144.0,35,CHN,Exterior
1096.0,136.0,35,CHN,Exterior
1088.0,136.0,35,CHN,Exterior
1088.0,128.0,35,CHN,Exterior
1088.0,120.0,35,CHN,Exterior
1080.0,120.0,35,CHN,Exterior
1072.0,120.0,35,CHN,Exterior
864.0,344.0,36,BGD,Exterior
856.0,344.0,36,BGD,Exterior
856.0,352.0,36,BGD,Exterior
856.0,360.0,36,BGD,Exterior
864.0,360.0,36,BGD,Exterior
864.0,368.0,36,BGD,Exterior
856.0,368.0,36,BGD,Exterior
856.0,376.0,36,BGD,Exterior
856.0,384.0,36,BGD,Exterior
856.0,392.0,36,BGD,Exterior
864.0,392.0,36,BGD,Exterior
864.0,400.0,36,BGD,Exterior
872.0,400.0,36,BGD,Exterior
872.0,408.0,36,BGD,Exterior
872.0,416.0,36,BGD,Exterior
872.0,424.0,36,BGD,Exterior
864.0,424.0,36,BGD,Exterior
864.0,432.0,36,BGD,Exterior
872.0,432.0,36,BGD,Exterior
880.0,432.0,36,BGD,Exterior
888.0,432.0,36,BGD,Exterior
896.0,432.0,36,BGD,Exterior
896.0,440.0,36,BGD,Exterior
904.0,440.0,36,BGD,Exterior
912.0,440.0,36,BGD,Exterior
912.0,448.0,36,BGD,Exterior
920.0,448.0,36,BGD,Exterior
928.0,448.0,36,BGD,Exterior
928.0,440.0,36,BGD,Exterior
920.0,440.0,36,BGD,Exterior
920.0,432.0,36,BGD,Exterior
920.0,424.0,36,BGD,Exterior
920.0,416.0,36,BGD,Exterior
920.0,408.0,36,BGD,Exterior
920.0,400.0,36,BGD,Exterior
920.0,392.0,36,BGD,Exterior
912.0,392.0,36,BGD,Exterior
912.0,400.0,36,BGD,Exterior
904.0,400.0,36,BGD,Exterior
904.0,392.0,36,BGD,Exterior
904.0,384.0,36,BGD,Exterior
904.0,376.0,36,BGD,Exterior
912.0,376.0,36,BGD,Exterior
920.0,376.0,36,BGD,Exterior
920.0,368.0,36,BGD,Exterior
920.0,360.0,36,BGD,Exterior
912.0,360.0,36,BGD,Exterior
904.0,360.0,36,BGD,Exterior
896.0,360.0,36,BGD,Exterior
896.0,352.0,36,BGD,Exterior
888.0,352.0,36,BGD,Exterior
880.0,352.0,36,BGD,Exterior
872.0,352.0,36,BGD,Exterior
872.0,344.0,36,BGD,Exterior
864.0,344.0,36,BGD,Exterior
944.0,408.0,37,MMR,Exterior
944.0,400.0,37,MMR,Exterior
936.0,400.0,37,MMR,Exterior
936.0,408.0,37,MMR,Exterior
928.0,408.0,37,MMR,Exterior
920.0,408.0,37,MMR,Exterior
920.0,416.0,37,MMR,Exterior
920.0,424.0,37,MMR,Exterior
920.0,432.0,37,MMR,Exterior
920.0,440.0,37,MMR,Exterior
928.0,440.0,37,MMR,Exterior
928.0,448.0,37,MMR,Exterior
936.0,448.0,37,MMR,Exterior
936.0,456.0,37,MMR,Exterior
944.0,456.0,37,MMR,Exterior
944.0,464.0,37,MMR,Exterior
944.0,472.0,37,MMR,Exterior
952.0,472.0,37,MMR,Exterior
952.0,464.0,37,MMR,Exterior
952.0,456.0,37,MMR,Exterior
952.0,448.0,37,MMR,Exterior
944.0,448.0,37,MMR,Exterior
944.0,440.0,37,MMR,Exterior
952.0,440.0,37,MMR,Exterior
952.0,432.0,37,MMR,Exterior
960.0,432.0,37,MMR,Exterior
960.0,424.0,37,MMR,Exterior
952.0,424.0,37,MMR,Exterior
952.0,416.0,37,MMR,Exterior
944.0,416.0,37,MMR,Exterior
944.0,408.0,37,MMR,Exterior
1112.0,536.0,38,IDN,Exterior
1120.0,536.0,38,IDN,Exterior
1120.0,528.0,38,IDN,Exterior
1112.0,528.0,38,IDN,Exterior
1112.0,536.0,38,IDN,Exterior
944.0,536.0,39,IDN,Exterior
944.0,544.0,39,IDN,Exterior
952.0,544.0,39,IDN,Exterior
952.0,536.0,39,IDN,Exterior
944.0,536.0,39,IDN,Exterior
1064.0,536.0,40,IDN,Exterior
1056.0,536.0,40,IDN,Exterior
1056.0,544.0,40,IDN,Exterior
1048.0,544.0,40,IDN,Exterior
1048.0,552.0,40,IDN,Exterior
1040.0,552.0,40,IDN,Exterior
1032.0,552.0,40,IDN,Exterior
1024.0,552.0,40,IDN,Exterior
1024.0,560.0,40,IDN,Exterior
1032.0,560.0,40,IDN,Exterior
1032.0,568.0,40,IDN,Exterior
1040.0,568.0,40,IDN,Exterior
1040.0,576.0,40,IDN,Exterior
1048.0,576.0,40,IDN,Exterior
1048.0,568.0,40,IDN,Exterior
1056.0,568.0,40,IDN,Exterior
1056.0,560.0,40,IDN,Exterior
1064.0,560.0,40,IDN,Exterior
1064.0,552.0,40,IDN,Exterior
1072.0,552.0,40,IDN,Exterior
1080.0,552.0,40,IDN,Exterior
1080.0,544.0,40,IDN,Exterior
1080.0,536.0,40,IDN,Exterior
1072.0,536.0,40,IDN,Exterior
1064.0,536.0,40,IDN,Exterior
1104.0,536.0,41,IDN,Exterior
1096.0,536.0,41,IDN,Exterior
1096.0,544.0,41,IDN,Exterior
1104.0,544.0,41,IDN,Exterior
1112.0,544.0,41,IDN,Exterior
1112.0,536.0,41,IDN,Exterior
1104.0,536.0,41,IDN,Exterior
1112.0,544.0,42,IDN,Exterior
1112.0,552.0,42,IDN,Exterior
1112.0,560.0,42,IDN,Exterior
1120.0,560.0,42,IDN,Exterior
1120.0,552.0,42,IDN,Exterior
1120.0,544.0,42,IDN,Exterior
1112.0,544.0,42,IDN,Exterior
960.0,544.0,43,IDN,Exterior
952.0,544.0,43,IDN,Exterior
952.0,552.0,43,IDN,Exterior
952.0,560.0,43,IDN,Exterior
960.0,560.0,43,IDN,Exterior
960.0,568.0,43,IDN,Exterior
968.0,568.0,43,IDN,Exterior
968.0,576.0,43,IDN,Exterior
976.0,576.0,43,IDN,Exterior
976.0,584.0,43,IDN,Exterior
984.0,584.0,43,IDN,Exterior
984.0,592.0,43,IDN,Exterior
992.0,592.0,43,IDN,Exterior
1000.0,592.0,43,IDN,Exterior
1000.0,584.0,43,IDN,Exterior
1000.0,576.0,43,IDN,Exterior
992.0,576.0,43,IDN,Exterior
992.0,568.0,43,IDN,Exterior
984.0,568.0,43,IDN,Exterior
984.0,560.0,43,IDN,Exterior
976.0,560.0,43,IDN,Exterior
976.0,552.0,43,IDN,Exterior
968.0,552.0,43,IDN,Exterior
968.0,544.0,43,IDN,Exterior
960.0,544.0,43,IDN,Exterior
1088.0,552.0,44,IDN,Exterior
1088.0,560.0,44,IDN,Exterior
1088.0,568.0,44,IDN,Exterior
1088.0,576.0,44,IDN,Exterior
1096.0,576.0,44,IDN,Exterior
1096.0,568.0,44,IDN,Exterior
1104.0,568.0,44,IDN,Exterior
1104.0,560.0,44,IDN,Exterior
1096.0,560.0,44,IDN,Exterior
1096.0,552.0,44,IDN,Exterior
1088.0,552.0,44,IDN,Exterior
1152.0,560.0,45,IDN,Exterior
1152.0,552.0,45,IDN,Exterior
1144.0,552.0,45,IDN,Exterior
1144.0,560.0,45,IDN,Exterior
1136.0,560.0,45,IDN,Exterior
1136.0,568.0,45,IDN,Exterior
1144.0,568.0,45,IDN,Exterior
1144.0,576.0,45,IDN,Exterior
1152.0,576.0,45,IDN,Exterior
1152.0,568.0,45,IDN,Exterior
1152.0,560.0,45,IDN,Exterior
936.0,552.0,46,IDN,Exterior
936.0,560.0,46,IDN,Exterior
944.0,560.0,46,IDN,Exterior
944.0,552.0,46,IDN,Exterior
936.0,552.0,46,IDN,Exterior
1120.0,560.0,47,IDN,Exterior
1120.0,568.0,47,IDN,Exterior
1128.0,568.0,47,IDN,Exterior
1128.0,560.0,47,IDN,Exterior
1120.0,560.0,47,IDN,Exterior
1104.0,568.0,48,IDN,Exterior
1104.0,576.0,48,IDN,Exterior
1112.0,576.0,48,IDN,Exterior
1112.0,568.0,48,IDN,Exterior
1104.0,568.0,48,IDN,Exterior
1128.0,576.0,49,IDN,Exterior
1128.0,584.0,49,IDN,Exterior
1136.0,584.0,49,IDN,Exterior
1136.0,576.0,49,IDN,Exterior
1128.0,576.0,49,IDN,Exterior
992.0,600.0,50,IDN,Exterior
992.0,608.0,50,IDN,Exterior
992.0,616.0,50,IDN,Exterior
1000.0,616.0,50,IDN,Exterior
1000.0,624.0,50,IDN,Exterior
1008.0,624.0,50,IDN,Exterior
1008.0,632.0,50,IDN,Exterior
1016.0,632.0,50,IDN,Exterior
1016.0,640.0,50,IDN,Exterior
1024.0,640.0,50,IDN,Exterior
1032.0,640.0,50,IDN,Exterior
1040.0,640.0,50,IDN,Exterior
1048.0,640.0,50,IDN,Exterior
1048.0,632.0,50,IDN,Exterior
1056.0,632.0,50,IDN,Exterior
1064.0,632.0,50,IDN,Exterior
1064.0,640.0,50,IDN,Exterior
1072.0,640.0,50,IDN,Exterior
1080.0,640.0,50,IDN,Exterior
1088.0,640.0,50,IDN,Exterior
1096.0,640.0,50,IDN,Exterior
1096.0,632.0,50,IDN,Exterior
1104.0,632.0,50,IDN,Exterior
1112.0,632.0,50,IDN,Exterior
1112.0,624.0,50,IDN,Exterior
1112.0,616.0,50,IDN,Exterior
1104.0,616.0,50,IDN,Exterior
1104.0,608.0,50,IDN,Exterior
1096.0,608.0,50,IDN,Exterior
1088.0,608.0,50,IDN,Exterior
1088.0,600.0,50,IDN,Exterior
1096.0,600.0,50,IDN,Exterior
1096.0,592.0,50,IDN,Exterior
1088.0,592.0,50,IDN,Exterior
1080.0,592.0,50,IDN,Exterior
1072.0,592.0,50,IDN,Exterior
1064.0,592.0,50,IDN,Exterior
1064.0,600.0,50,IDN,Exterior
1056.0,600.0,50,IDN,Exterior
1048.0,600.0,50,IDN,Exterior
1040.0,600.0,50,IDN,Exterior
1040.0,592.0,50,IDN,Exterior
1032.0,592.0,50,IDN,Exterior
1032.0,600.0,50,IDN,Exterior
1024.0,600.0,50,IDN,Exterior
1016.0,600.0,50,IDN,Exterior
1016.0,592.0,50,IDN,Exterior
1008.0,592.0,50,IDN,Exterior
1008.0,600.0,50,IDN,Exterior
1000.0,600.0,50,IDN,Exterior
992.0,600.0,50,IDN,Exterior
1136.0,608.0,51,IDN,Exterior
1136.0,600.0,51,IDN,Exterior
1128.0,600.0,51,IDN,Exterior
1128.0,608.0,51,IDN,Exterior
1120.0,608.0,51,IDN,Exterior
1112.0,608.0,51,IDN,Exterior
1112.0,616.0,51,IDN,Exterior
1120.0,616.0,51,IDN,Exterior
1128.0,616.0,51,IDN,Exterior
1136.0,616.0,51,IDN,Exterior
1136.0,608.0,51,IDN,Exterior
944.0,224.0,52,MNG,Exterior
944.0,232.0,52,MNG,Exterior
952.0,232.0,52,MNG,Exterior
952.0,224.0,52,MNG,Exterior
944.0,224.0,52,MNG,Exterior
968.0,432.0,53,THA,Exterior
968.0,424.0,53,THA,Exterior
960.0,424.0,53,THA,Exterior
960.0,432.0,53,THA,Exterior
952.0,432.0,53,THA,Exterior
952.0,440.0,53,THA,Exterior
944.0,440.0,53,THA,Exterior
944.0,448.0,53,THA,Exterior
952.0,448.0,53,THA,Exterior
952.0,456.0,53,THA,Exterior
952.0,464.0,53,THA,Exterior
952.0,472.0,53,THA,Exterior
952.0,480.0,53,THA,Exterior
952.0,488.0,53,THA,Exterior
952.0,496.0,53,THA,Exterior
952.0,504.0,53,THA,Exterior
952.0,512.0,53,THA,Exterior
960.0,512.0,53,THA,Exterior
960.0,520.0,53,THA,Exterior
968.0,520.0,53,THA,Exterior
968.0,512.0,53,THA,Exterior
968.0,504.0,53,THA,Exterior
960.0,504.0,53,THA,Exterior
960.0,496.0,53,THA,Exterior
960.0,488.0,53,THA,Exterior
960.0,480.0,53,THA,Exterior
968.0,480.0,53,THA,Exterior
968.0,488.0,53,THA,Exterior
976.0,488.0,53,THA,Exterior
976.0,480.0,53,THA,Exterior
984.0,480.0,53,THA,Exterior
984.0,472.0,53,THA,Exterior
992.0,472.0,53,THA,Exterior
992.0,464.0,53,THA,Exterior
992.0,456.0,53,THA,Exterior
984.0,456.0,53,THA,Exterior
984.0,448.0,53,THA,Exterior
984.0,440.0,53,THA,Exterior
976.0,440.0,53,THA,Exterior
968.0,440.0,53,THA,Exterior
968.0,432.0,53,THA,Exterior
976.0,528.0,54,THA,Exterior
976.0,520.0,54,THA,Exterior
968.0,520.0,54,THA,Exterior
968.0,528.0,54,THA,Exterior
968.0,536.0,54,THA,Exterior
976.0,536.0,54,THA,Exterior
976.0,528.0,54,THA,Exterior
976.0,392.0,55,VNM,Exterior
968.0,392.0,55,VNM,Exterior
968.0,400.0,55,VNM,Exterior
968.0,408.0,55,VNM,Exterior
968.0,416.0,55,VNM,Exterior
960.0,416.0,55,VNM,Exterior
960.0,424.0,55,VNM,Exterior
968.0,424.0,55,VNM,Exterior
968.0,432.0,55,VNM,Exterior
968.0,440.0,55,VNM,Exterior
976.0,440.0,55,VNM,Exterior
976.0,432.0,55,VNM,Exterior
984.0,432.0,55,VNM,Exterior
992.0,432.0,55,VNM,Exterior
1000.0,432.0,55,VNM,Exterior
1000.0,424.0,55,VNM,Exterior
1000.0,416.0,55,VNM,Exterior
1000.0,408.0,55,VNM,Exterior
1008.0,408.0,55,VNM,Exterior
1008.0,400.0,55,VNM,Exterior
1000.0,400.0,55,VNM,Exterior
992.0,400.0,55,VNM,Exterior
992.0,392.0,55,VNM,Exterior
984.0,392.0,55,VNM,Exterior
976.0,392.0,55,VNM,Exterior
1000.0,448.0,56,VNM,Exterior
1000.0,440.0,56,VNM,Exterior
992.0,440.0,56,VNM,Exterior
992.0,448.0,56,VNM,Exterior
992.0,456.0,56,VNM,Exterior
992.0,464.0,56,VNM,Exterior
992.0,472.0,56,VNM,Exterior
1000.0,472.0,56,VNM,Exterior
1000.0,480.0,56,VNM,Exterior
1000.0,488.0,56,VNM,Exterior
1000.0,496.0,56,VNM,Exterior
992.0,496.0,56,VNM,Exterior
992.0,504.0,56,VNM,Exterior
992.0,512.0,56,VNM,Exterior
1000.0,512.0,56,VNM,Exterior
1008.0,512.0,56,VNM,Exterior
1008.0,504.0,56,VNM,Exterior
1008.0,496.0,56,VNM,Exterior
1016.0,496.0,56,VNM,Exterior
1016.0,488.0,56,VNM,Exterior
1016.0,480.0,56,VNM,Exterior
1016.0,472.0,56,VNM,Exterior
1008.0,472.0,56,VNM,Exterior
1008.0,464.0,56,VNM,Exterior
1008.0,456.0,56,VNM,Exterior
1008.0,448.0,56,VNM,Exterior
1000.0,448.0,56,VNM,Exterior
984.0,432.0,57,LAO,Exterior
976.0,432.0,57,LAO,Exterior
976.0,440.0,57,LAO,Exterior
984.0,440.0,57,LAO,Exterior
984.0,448.0,57,LAO,Exterior
984.0,456.0,57,LAO,Exterior
992.0,456.0,57,LAO,Exterior
992.0,448.0,57,LAO,Exterior
992.0,440.0,57,LAO,Exterior
992.0,432.0,57,LAO,Exterior
984.0,432.0,57,LAO,Exterior
992.0,472.0,58,KHM,Exterior
984.0,472.0,58,KHM,Exterior
984.0,480.0,58,KHM,Exterior
976.0,480.0,58,KHM,Exterior
976.0,488.0,58,KHM,Exterior
976.0,496.0,58,KHM,Exterior
984.0,496.0,58,KHM,Exterior
992.0,496.0,58,KHM,Exterior
1000.0,496.0,58,KHM,Exterior
1000.0,488.0,58,KHM,Exterior
1000.0,480.0,58,KHM,Exterior
1000.0,472.0,58,KHM,Exterior
992.0,472.0,58,KHM,Exterior
1064.0,520.0,59,MYS,Exterior
1056.0,520.0,59,MYS,Exterior
1056.0,528.0,59,MYS,Exterior
1048.0,528.0,59,MYS,Exterior
1048.0,536.0,59,MYS,Exterior
1040.0,536.0,59,MYS,Exterior
1040.0,544.0,59,MYS,Exterior
1032.0,544.0,59,MYS,Exterior
1032.0,552.0,59,MYS,Exterior
1040.0,552.0,59,MYS,Exterior
1048.0,552.0,59,MYS,Exterior
1048.0,544.0,59,MYS,Exterior
1056.0,544.0,59,MYS,Exterior
1056.0,536.0,59,MYS,Exterior
1064.0,536.0,59,MYS,Exterior
1072.0,536.0,59,MYS,Exterior
1080.0,536.0,59,MYS,Exterior
1080.0,528.0,59,MYS,Exterior
1072.0,528.0,59,MYS,Exterior
1072.0,520.0,59,MYS,Exterior
1064.0,520.0,59,MYS,Exterior
976.0,528.0,60,MYS,Exterior
976.0,536.0,60,MYS,Exterior
976.0,544.0,60,MYS,Exterior
984.0,544.0,60,MYS,Exterior
984.0,552.0,60,MYS,Exterior
992.0,552.0,60,MYS,Exterior
992.0,544.0,60,MYS,Exterior
992.0,536.0,60,MYS,Exterior
984.0,536.0,60,MYS,Exterior
984.0,528.0,60,MYS,Exterior
976.0,528.0,60,MYS,Exterior
1000.0,552.0,61,SGP,Exterior
1000.0,544.0,61,SGP,Exterior
992.0,544.0,61,SGP,Exterior
992.0,552.0,61,SGP,Exterior
984.0,552.0,61,SGP,Exterior
984.0,560.0,61,SGP,Exterior
992.0,560.0,61,SGP,Exterior
1000.0,560.0,61,SGP,Exterior
1008.0,560.0,61,SGP,Exterior
1008.0,552.0,61,SGP,Exterior
1000.0,552.0,61,SGP,Exterior
1048.0,352.0,62,HKG,Exterior
1040.0,352.0,62,HKG,Exterior
1040.0,360.0,62,HKG,Exterior
1040.0,368.0,62,HKG,Exterior
1048.0,368.0,62,HKG,Exterior
1056.0,368.0,62,HKG,Exterior
1056.0,360.0,62,HKG,Exterior
1056.0,352.0,62,HKG,Exterior
1048.0,352.0,62,HKG,Exterior
1104.0,400.0,63,PHL,Exterior
1104.0,392.0,63,PHL,Exterior
1096.0,392.0,63,PHL,Exterior
1088.0,392.0,63,PHL,Exterior
1088.0,400.0,63,PHL,Exterior
1080.0,400.0,63,PHL,Exterior
1080.0,408.0,63,PHL,Exterior
1072.0,408.0,63,PHL,Exterior
1072.0,416.0,63,PHL,Exterior
1080.0,416.0,63,PHL,Exterior
1080.0,424.0,63,PHL,Exterior
1080.0,432.0,63,PHL,Exterior
1088.0,432.0,63,PHL,Exterior
1088.0,440.0,63,PHL,Exterior
1088.0,448.0,63,PHL,Exterior
1088.0,456.0,63,PHL,Exterior
1096.0,456.0,63,PHL,Exterior
1096.0,464.0,63,PHL,Exterior
1088.0,464.0,63,PHL,Exterior
1088.0,472.0,63,PHL,Exterior
1096.0,472.0,63,PHL,Exterior
1104.0,472.0,63,PHL,Exterior
1104.0,464.0,63,PHL,Exterior
1104.0,456.0,63,PHL,Exterior
1112.0,456.0,63,PHL,Exterior
1120.0,456.0,63,PHL,Exterior
1120.0,464.0,63,PHL,Exterior
1112.0,464.0,63,PHL,Exterior
1112.0,472.0,63,PHL,Exterior
1120.0,472.0,63,PHL,Exterior
1120.0,480.0,63,PHL,Exterior
1128.0,480.0,63,PHL,Exterior
1128.0,472.0,63,PHL,Exterior
1128.0,464.0,63,PHL,Exterior
1128.0,456.0,63,PHL,Exterior
1128.0,448.0,63,PHL,Exterior
1120.0,448.0,63,PHL,Exterior
1112.0,448.0,63,PHL,Exterior
1112.0,440.0,63,PHL,Exterior
1104.0,440.0,63,PHL,Exterior
1104.0,432.0,63,PHL,Exterior
1104.0,424.0,63,PHL,Exterior
1096.0,424.0,63,PHL,Exterior
1096.0,416.0,63,PHL,Exterior
1096.0,408.0,63,PHL,Exterior
1104.0,408.0,63,PHL,Exterior
1104.0,400.0,63,PHL,Exterior
1112.0,440.0,64,PHL,Exterior
1120.0,440.0,64,PHL,Exterior
1120.0,432.0,64,PHL,Exterior
1112.0,432.0,64,PHL,Exterior
1112.0,440.0,64,PHL,Exterior
1088.0,464.0,65,PHL,Exterior
1088.0,456.0,65,PHL,Exterior
1080.0,456.0,65,PHL,Exterior
1080.0,464.0,65,PHL,Exterior
1088.0,464.0,65,PHL,Exterior
1128.0,488.0,66,PHL,Exterior
1120.0,488.0,66,PHL,Exterior
1120.0,480.0,66,PHL,Exterior
1112.0,480.0,66,PHL,Exterior
1112.0,488.0,66,PHL,Exterior
1112.0,496.0,66,PHL,Exterior
1104.0,496.0,66,PHL,Exterior
1104.0,504.0,66,PHL,Exterior
1112.0,504.0,66,PHL,Exterior
1120.0,504.0,66,PHL,Exterior
1120.0,512.0,66,PHL,Exterior
1112.0,512.0,66,PHL,Exterior
1112.0,520.0,66,PHL,Exterior
1120.0,520.0,66,PHL,Exterior
1128.0,520.0,66,PHL,Exterior
1136.0,520.0,66,PHL,Exterior
1136.0,512.0,66,PHL,Exterior
1136.0,504.0,66,PHL,Exterior
1136.0,496.0,66,PHL,Exterior
1136.0,488.0,66,PHL,Exterior
1136.0,480.0,66,PHL,Exterior
1128.0,480.0,66,PHL,Exterior
1128.0,488.0,66,PHL,Exterior
1072.0,472.0,67,PHL,Exterior
1072.0,480.0,67,PHL,Exterior
1080.0,480.0,67,PHL,Exterior
1080.0,472.0,67,PHL,Exterior
1072.0,472.0,67,PHL,Exterior
1104.0,472.0,68,PHL,Exterior
1104.0,480.0,68,PHL,Exterior
1112.0,480.0,68,PHL,Exterior
1112.0,472.0,68,PHL,Exterior
1104.0,472.0,68,PHL,Exterior
1096.0,480.0,69,PHL,Exterior
1096.0,488.0,69,PHL,Exterior
1104.0,488.0,69,PHL,Exterior
1104.0,480.0,69,PHL,Exterior
1096.0,480.0,69,PHL,Exterior
1064.0,480.0,70,PHL,Exterior
1064.0,488.0,70,PHL,Exterior
1072.0,488.0,70,PHL,Exterior
1072.0,480.0,70,PHL,Exterior
1064.0,480.0,70,PHL,Exterior
1096.0,504.0,71,PHL,Exterior
1096.0,512.0,71,PHL,Exterior
1104.0,512.0,71,PHL,Exterior
1104.0,504.0,71,PHL,Exterior
1096.0,504.0,71,PHL,Exterior
1088.0,520.0,72,PHL,Exterior
1088.0,528.0,72,PHL,Exterior
1096.0,528.0,72,PHL,Exterior
1096.0,520.0,72,PHL,Exterior
1088.0,520.0,72,PHL,Exterior
1088.0,352.0,73,TWN,Exterior
1080.0,352.0,73,TWN,Exterior
1080.0,360.0,73,TWN,Exterior
1072.0,360.0,73,TWN,Exterior
1072.0,368.0,73,TWN,Exterior
1072.0,376.0,73,TWN,Exterior
1064.0,376.0,73,TWN,Exterior
1064.0,384.0,73,TWN,Exterior
1072.0,384.0,73,TWN,Exterior
1072.0,392.0,73,TWN,Exterior
1072.0,400.0,73,TWN,Exterior
1080.0,400.0,73,TWN,Exterior
1080.0,392.0,73,TWN,Exterior
1080.0,384.0,73,TWN,Exterior
1088.0,384.0,73,TWN,Exterior
1088.0,376.0,73,TWN,Exterior
1088.0,368.0,73,TWN,Exterior
1088.0,360.0,73,TWN,Exterior
1096.0,360.0,73,TWN,Exterior
1096.0,352.0,73,TWN,Exterior
1088.0,352.0,73,TWN,Exterior
1120.0,208.0,74,PRK,Exterior
1120.0,200.0,74,PRK,Exterior
1112.0,200.0,74,PRK,Exterior
1112.0,208.0,74,PRK,Exterior
1104.0,208.0,74,PRK,Exterior
1104.0,216.0,74,PRK,Exterior
1096.0,216.0,74,PRK,Exterior
1096.0,224.0,74,PRK,Exterior
1096.0,232.0,74,PRK,Exterior
1096.0,240.0,74,PRK,Exterior
1104.0,240.0,74,PRK,Exterior
1112.0,240.0,74,PRK,Exterior
1112.0,232.0,74,PRK,Exterior
1120.0,232.0,74,PRK,Exterior
1120.0,224.0,74,PRK,Exterior
1120.0,216.0,74,PRK,Exterior
1120.0,208.0,74,PRK,Exterior
1208.0,200.0,75,JPN,Exterior
1208.0,192.0,75,JPN,Exterior
1200.0,192.0,75,JPN,Exterior
1200.0,200.0,75,JPN,Exterior
1200.0,208.0,75,JPN,Exterior
1200.0,216.0,75,JPN,Exterior
1192.0,216.0,75,JPN,Exterior
1192.0,224.0,75,JPN,Exterior
1192.0,232.0,75,JPN,Exterior
1200.0,232.0,75,JPN,Exterior
1200.0,224.0,75,JPN,Exterior
1208.0,224.0,75,JPN,Exterior
1208.0,232.0,75,JPN,Exterior
1216.0,232.0,75,JPN,Exterior
1216.0,224.0,75,JPN,Exterior
1224.0,224.0,75,JPN,Exterior
1224.0,216.0,75,JPN,Exterior
1224.0,208.0,75,JPN,Exterior
1216.0,208.0,75,JPN,Exterior
1216.0,200.0,75,JPN,Exterior
1208.0,200.0,75,JPN,Exterior
1200.0,248.0,76,JPN,Exterior
1200.0,240.0,76,JPN,Exterior
1192.0,240.0,76,JPN,Exterior
1192.0,248.0,76,JPN,Exterior
1192.0,256.0,76,JPN,Exterior
1192.0,264.0,76,JPN,Exterior
1184.0,264.0,76,JPN,Exterior
1176.0,264.0,76,JPN,Exterior
1176.0,272.0,76,JPN,Exterior
1184.0,272.0,76,JPN,Exterior
1184.0,280.0,76,JPN,Exterior
1176.0,280.0,76,JPN,Exterior
1168.0,280.0,76,JPN,Exterior
1168.0,288.0,76,JPN,Exterior
1168.0,296.0,76,JPN,Exterior
1160.0,296.0,76,JPN,Exterior
1160.0,304.0,76,JPN,Exterior
1152.0,304.0,76,JPN,Exterior
1144.0,304.0,76,JPN,Exterior
1136.0,304.0,76,JPN,Exterior
1136.0,312.0,76,JPN,Exterior
1128.0,312.0,76,JPN,Exterior
1120.0,312.0,76,JPN,Exterior
1120.0,320.0,76,JPN,Exterior
1112.0,320.0,76,JPN,Exterior
1112.0,328.0,76,JPN,Exterior
1104.0,328.0,76,JPN,Exterior
1104.0,336.0,76,JPN,Exterior
1112.0,336.0,76,JPN,Exterior
1120.0,336.0,76,JPN,Exterior
1120.0,344.0,76,JPN,Exterior
1120.0,352.0,76,JPN,Exterior
1128.0,352.0,76,JPN,Exterior
1128.0,344.0,76,JPN,Exterior
1128.0,336.0,76,JPN,Exterior
1136.0,336.0,76,JPN,Exterior
1144.0,336.0,76,JPN,Exterior
1152.0,336.0,76,JPN,Exterior
1152.0,328.0,76,JPN,Exterior
1160.0,328.0,76,JPN,Exterior
1160.0,320.0,76,JPN,Exterior
1168.0,320.0,76,JPN,Exterior
1168.0,312.0,76,JPN,Exterior
1176.0,312.0,76,JPN,Exterior
1176.0,304.0,76,JPN,Exterior
1184.0,304.0,76,JPN,Exterior
1184.0,296.0,76,JPN,Exterior
1192.0,296.0,76,JPN,Exterior
1192.0,304.0,76,JPN,Exterior
1200.0,304.0,76,JPN,Exterior
1200.0,296.0,76,JPN,Exterior
1200.0,288.0,76,JPN,Exterior
1200.0,280.0,76,JPN,Exterior
1200.0,272.0,76,JPN,Exterior
1200.0,264.0,76,JPN,Exterior
1200.0,256.0,76,JPN,Exterior
1200.0,248.0,76,JPN,Exterior
1128.0,320.0,77,JPN,Interior
1136.0,320.0,77,JPN,Interior
1136.0,328.0,77,JPN,Interior
1128.0,328.0,77,JPN,Interior
1128.0,320.0,77,JPN,Interior
1128.0,232.0,78,KOR,Exterior
1128.0,224.0,78,KOR,Exterior
1120.0,224.0,78,KOR,Exterior
1120.0,232.0,78,KOR,Exterior
1112.0,232.0,78,KOR,Exterior
1112.0,240.0,78,KOR,Exterior
1112.0,248.0,78,KOR,Exterior
1112.0,256.0,78,KOR,Exterior
1112.0,264.0,78,KOR,Exterior
1112.0,272.0,78,KOR,Exterior
1112.0,280.0,78,KOR,Exterior
1120.0,280.0,78,KOR,Exterior
1128.0,280.0,78,KOR,Exterior
1136.0,280.0,78,KOR,Exterior
1136.0,272.0,78,KOR,Exterior
1144.0,272.0,78,KOR,Exterior
1144.0,264.0,78,KOR,Exterior
1144.0,256.0,78,KOR,Exterior
1144.0,248.0,78,KOR,Exterior
1136.0,248.0,78,KOR,Exterior
1136.0,240.0,78,KOR,Exterior
1136.0,232.0,78,KOR,Exterior
1128.0,232.0,78,KOR,Exterior
1136.0,600.0,79,TLS,Exterior
1136.0,608.0,79,TLS,Exterior
1144.0,608.0,79,TLS,Exterior
1144.0,600.0,79,TLS,Exterior
1136.0,600.0,79,TLS,Exterior
1160.0,568.0,80,PNG,Exterior
1160.0,560.0,80,PNG,Exterior
1152.0,560.0,80,PNG,Exterior
1152.0,568.0,80,PNG,Exterior
1152.0,576.0,80,PNG,Exterior
1160.0,576.0,80,PNG,Exterior
1168.0,576.0,80,PNG,Exterior
1168.0,568.0,80,PNG,Exterior
1160.0,568.0,80,PNG,Exterior
1176.0,624.0,81,AUS,Exterior
1176.0,616.0,81,AUS,Exterior
1168.0,616.0,81,AUS,Exterior
1168.0,624.0,81,AUS,Exterior
1160.0,624.0,81,AUS,Exterior
1160.0,632.0,81,AUS,Exterior
1152.0,632.0,81,AUS,Exterior
1152.0,640.0,81,AUS,Exterior
1160.0,640.0,81,AUS,Exterior
1168.0,640.0,81,AUS,Exterior
1176.0,640.0,81,AUS,Exterior
1184.0,640.0,81,AUS,Exterior
1192.0,640.0,81,AUS,Exterior
1192.0,632.0,81,AUS,Exterior
1192.0,624.0,81,AUS,Exterior
1184.0,624.0,81,AUS,Exterior
1176.0,624.0,81,AUS,Exterior
1176.0,552.0,82,FSM,Exterior
1176.0,560.0,82,FSM,Exterior
1184.0,560.0,82,FSM,Exterior
1184.0,552.0,82,FSM,Exterior
1176.0,552.0,82,FSM,Exterior
1208.0,632.0,83,NZL,Exterior
1208.0,624.0,83,NZL,Exterior
1200.0,624.0,83,NZL,Exterior
1200.0,632.0,83,NZL,Exterior
1200.0,640.0,83,NZL,Exterior
1208.0,640.0,83,NZL,Exterior
1208.0,632.0,83,NZL,Exterior
1200.0,640.0,84,NZL,Exterior
1192.0,640.0,84,NZL,Exterior
1192.0,648.0,84,NZL,Exterior
1200.0,648.0,84,NZL,Exterior
1200.0,640.0,84,NZL,Exterior
1200.0,608.0,85,FJI,Exterior
1200.0,616.0,85,FJI,Exterior
1208.0,616.0,85,FJI,Exterior
1208.0,608.0,85,FJI,Exterior
1200.0,608.0,85,FJI,Exterior
16.0,264.0,86,USA,Exterior
8.0,264.0,86,USA,Exterior
8.0,272.0,86,USA,Exterior
8.0,280.0,86,USA,Exterior
8.0,288.0,86,USA,Exterior
8.0,296.0,86,USA,Exterior
8.0,304.0,86,USA,Exterior
8.0,312.0,86,USA,Exterior
8.0,320.0,86,USA,Exterior
16.0,320.0,86,USA,Exterior
16.0,328.0,86,USA,Exterior
24.0,328.0,86,USA,Exterior
24.0,336.0,86,USA,Exterior
32.0,336.0,86,USA,Exterior
40.0,336.0,86,USA,Exterior
48.0,336.0,86,USA,Exterior
56.0,336.0,86,USA,Exterior
64.0,336.0,86,USA,Exterior
64.0,344.0,86,USA,Exterior
72.0,344.0,86,USA,Exterior
72.0,352.0,86,USA,Exterior
80.0,352.0,86,USA,Exterior
88.0,352.0,86,USA,Exterior
88.0,344.0,86,USA,Exterior
96.0,344.0,86,USA,Exterior
104.0,344.0,86,USA,Exterior
112.0,344.0,86,USA,Exterior
120.0,344.0,86,USA,Exterior
120.0,336.0,86,USA,Exterior
128.0,336.0,86,USA,Exterior
128.0,328.0,86,USA,Exterior
136.0,328.0,86,USA,Exterior
136.0,320.0,86,USA,Exterior
136.0,312.0,86,USA,Exterior
144.0,312.0,86,USA,Exterior
144.0,304.0,86,USA,Exterior
144.0,296.0,86,USA,Exterior
144.0,288.0,86,USA,Exterior
136.0,288.0,86,USA,Exterior
128.0,288.0,86,USA,Exterior
128.0,296.0,86,USA,Exterior
120.0,296.0,86,USA,Exterior
120.0,288.0,86,USA,Exterior
120.0,280.0,86,USA,Exterior
112.0,280.0,86,USA,Exterior
112.0,288.0,86,USA,Exterior
112.0,296.0,86,USA,Exterior
104.0,296.0,86,USA,Exterior
104.0,288.0,86,USA,Exterior
104.0,280.0,86,USA,Exterior
104.0,272.0,86,USA,Exterior
96.0,272.0,86,USA,Exterior
96.0,264.0,86,USA,Exterior
88.0,264.0,86,USA,Exterior
80.0,264.0,86,USA,Exterior
72.0,264.0,86,USA,Exterior
64.0,264.0,86,USA,Exterior
56.0,264.0,86,USA,Exterior
48.0,264.0,86,USA,Exterior
40.0,264.0,86,USA,Exterior
32.0,264.0,86,USA,Exterior
24.0,264.0,86,USA,Exterior
16.0,264.0,86,USA,Exterior
152.0,272.0,87,USA,Exterior
152.0,280.0,87,USA,Exterior
160.0,280.0,87,USA,Exterior
160.0,272.0,87,USA,Exterior
152.0,272.0,87,USA,Exterior
144.0,280.0,88,USA,Exterior
144.0,288.0,88,USA,Exterior
152.0,288.0,88,USA,Exterior
152.0,280.0,88,USA,Exterior
144.0,280.0,88,USA,Exterior
104.0,264.0,89,CAN,Exterior
96.0,264.0,89,CAN,Exterior
96.0,272.0,89,CAN,Exterior
104.0,272.0,89,CAN,Exterior
104.0,280.0,89,CAN,Exterior
112.0,280.0,89,CAN,Exterior
120.0,280.0,89,CAN,Exterior
120.0,288.0,89,CAN,Exterior
128.0,288.0,89,CAN,Exterior
136.0,288.0,89,CAN,Exterior
144.0,288.0,89,CAN,Exterior
144.0,280.0,89,CAN,Exterior
152.0,280.0,89,CAN,Exterior
152.0,272.0,89,CAN,Exterior
144.0,272.0,89,CAN,Exterior
136.0,272.0,89,CAN,Exterior
128.0,272.0,89,CAN,Exterior
120.0,272.0,89,CAN,Exterior
120.0,264.0,89,CAN,Exterior
112.0,264.0,89,CAN,Exterior
104.0,264.0,89,CAN,Exterior
152.0,264.0,90,CAN,Exterior
152.0,272.0,90,CAN,Exterior
160.0,272.0,90,CAN,Exterior
160.0,264.0,90,CAN,Exterior
152.0,264.0,90,CAN,Exterior
32.0,336.0,91,MEX,Exterior
24.0,336.0,91,MEX,Exterior
24.0,344.0,91,MEX,Exterior
32.0,344.0,91,MEX,Exterior
32.0,352.0,91,MEX,Exterior
32.0,360.0,91,MEX,Exterior
32.0,368.0,91,MEX,Exterior
40.0,368.0,91,MEX,Exterior
40.0,360.0,91,MEX,Exterior
48.0,360.0,91,MEX,Exterior
48.0,368.0,91,MEX,Exterior
48.0,376.0,91,MEX,Exterior
40.0,376.0,91,MEX,Exterior
40.0,384.0,91,MEX,Exterior
48.0,384.0,91,MEX,Exterior
56.0,384.0,91,MEX,Exterior
56.0,392.0,91,MEX,Exterior
64.0,392.0,91,MEX,Exterior
64.0,400.0,91,MEX,Exterior
64.0,408.0,91,MEX,Exterior
72.0,408.0,91,MEX,Exterior
80.0,408.0,91,MEX,Exterior
80.0,416.0,91,MEX,Exterior
88.0,416.0,91,MEX,Exterior
96.0,416.0,91,MEX,Exterior
104.0,416.0,91,MEX,Exterior
112.0,416.0,91,MEX,Exterior
112.0,408.0,91,MEX,Exterior
120.0,408.0,91,MEX,Exterior
120.0,400.0,91,MEX,Exterior
120.0,392.0,91,MEX,Exterior
128.0,392.0,91,MEX,Exterior
128.0,384.0,91,MEX,Exterior
128.0,376.0,91,MEX,Exterior
120.0,376.0,91,MEX,Exterior
120.0,384.0,91,MEX,Exterior
112.0,384.0,91,MEX,Exterior
112.0,392.0,91,MEX,Exterior
112.0,400.0,91,MEX,Exterior
104.0,400.0,91,MEX,Exterior
104.0,392.0,91,MEX,Exterior
96.0,392.0,91,MEX,Exterior
96.0,384.0,91,MEX,Exterior
88.0,384.0,91,MEX,Exterior
88.0,376.0,91,MEX,Exterior
88.0,368.0,91,MEX,Exterior
80.0,368.0,91,MEX,Exterior
80.0,360.0,91,MEX,Exterior
80.0,352.0,91,MEX,Exterior
72.0,352.0,91,MEX,Exterior
72.0,344.0,91,MEX,Exterior
64.0,344.0,91,MEX,Exterior
64.0,336.0,91,MEX,Exterior
56.0,336.0,91,MEX,Exterior
48.0,336.0,91,MEX,Exterior
40.0,336.0,91,MEX,Exterior
32.0,336.0,91,MEX,Exterior
128.0,392.0,92,GTM,Exterior
120.0,392.0,92,GTM,Exterior
120.0,400.0,92,GTM,Exterior
120.0,408.0,92,GTM,Exterior
128.0,408.0,92,GTM,Exterior
136.0,408.0,92,GTM,Exterior
136.0,400.0,92,GTM,Exterior
136.0,392.0,92,GTM,Exterior
128.0,392.0,92,GTM,Exterior
120.0,416.0,93,GTM,Exterior
120.0,408.0,93,GTM,Exterior
112.0,408.0,93,GTM,Exterior
112.0,416.0,93,GTM,Exterior
112.0,424.0,93,GTM,Exterior
120.0,424.0,93,GTM,Exterior
120.0,416.0,93,GTM,Exterior
128.0,408.0,94,SLV,Exterior
120.0,408.0,94,SLV,Exterior
120.0,416.0,94,SLV,Exterior
128.0,416.0,94,SLV,Exterior
136.0,416.0,94,SLV,Exterior
144.0,416.0,94,SLV,Exterior
144.0,408.0,94,SLV,Exterior
136.0,408.0,94,SLV,Exterior
128.0,408.0,94,SLV,Exterior
144.0,344.0,95,CUB,Exterior
136.0,344.0,95,CUB,Exterior
136.0,352.0,95,CUB,Exterior
144.0,352.0,95,CUB,Exterior
152.0,352.0,95,CUB,Exterior
152.0,360.0,95,CUB,Exterior
160.0,360.0,95,CUB,Exterior
168.0,360.0,95,CUB,Exterior
168.0,352.0,95,CUB,Exterior
160.0,352.0,95,CUB,Exterior
160.0,344.0,95,CUB,Exterior
152.0,344.0,95,CUB,Exterior
144.0,344.0,95,CUB,Exterior
128.0,384.0,96,BLZ,Exterior
128.0,392.0,96,BLZ,Exterior
136.0,392.0,96,BLZ,Exterior
136.0,384.0,96,BLZ,Exterior
128.0,384.0,96,BLZ,Exterior
144.0,400.0,97,HND,Exterior
136.0,400.0,97,HND,Exterior
136.0,408.0,97,HND,Exterior
144.0,408.0,97,HND,Exterior
144.0,416.0,97,HND,Exterior
152.0,416.0,97,HND,Exterior
152.0,408.0,97,HND,Exterior
152.0,400.0,97,HND,Exterior
144.0,400.0,97,HND,Exterior
144.0,368.0,98,JAM,Exterior
144.0,376.0,98,JAM,Exterior
152.0,376.0,98,JAM,Exterior
152.0,368.0,98,JAM,Exterior
144.0,368.0,98,JAM,Exterior
160.0,400.0,99,NIC,Exterior
152.0,400.0,99,NIC,Exterior
152.0,408.0,99,NIC,Exterior
152.0,416.0,99,NIC,Exterior
160.0,416.0,99,NIC,Exterior
160.0,408.0,99,NIC,Exterior
168.0,408.0,99,NIC,Exterior
168.0,400.0,99,NIC,Exterior
160.0,400.0,99,NIC,Exterior
168.0,416.0,100,CRI,Exterior
160.0,416.0,100,CRI,Exterior
160.0,424.0,100,CRI,Exterior
168.0,424.0,100,CRI,Exterior
176.0,424.0,100,CRI,Exterior
176.0,416.0,100,CRI,Exterior
168.0,416.0,100,CRI,Exterior
176.0,424.0,101,PAN,Exterior
176.0,432.0,101,PAN,Exterior
184.0,432.0,101,PAN,Exterior
184.0,424.0,101,PAN,Exterior
176.0,424.0,101,PAN,Exterior
200.0,352.0,102,HTI,Exterior
200.0,344.0,102,HTI,Exterior
192.0,344.0,102,HTI,Exterior
192.0,352.0,102,HTI,Exterior
192.0,360.0,102,HTI,Exterior
200.0,360.0,102,HTI,Exterior
200.0,352.0,102,HTI,Exterior
176.0,360.0,103,HTI,Exterior
176.0,368.0,103,HTI,Exterior
184.0,368.0,103,HTI,Exterior
184.0,360.0,103,HTI,Exterior
176.0,360.0,103,HTI,Exterior
208.0,424.0,104,COL,Exterior
200.0,424.0,104,COL,Exterior
200.0,432.0,104,COL,Exterior
192.0,432.0,104,COL,Exterior
192.0,440.0,104,COL,Exterior
192.0,448.0,104,COL,Exterior
184.0,448.0,104,COL,Exterior
184.0,456.0,104,COL,Exterior
184.0,464.0,104,COL,Exterior
192.0,464.0,104,COL,Exterior
200.0,464.0,104,COL,Exterior
200.0,472.0,104,COL,Exterior
208.0,472.0,104,COL,Exterior
208.0,480.0,104,COL,Exterior
216.0,480.0,104,COL,Exterior
216.0,472.0,104,COL,Exterior
224.0,472.0,104,COL,Exterior
224.0,464.0,104,COL,Exterior
224.0,456.0,104,COL,Exterior
224.0,448.0,104,COL,Exterior
216.0,448.0,104,COL,Exterior
216.0,440.0,104,COL,Exterior
216.0,432.0,104,COL,Exterior
216.0,424.0,104,COL,Exterior
208.0,424.0,104,COL,Exterior
192.0,464.0,105,ECU,Exterior
184.0,464.0,105,ECU,Exterior
184.0,472.0,105,ECU,Exterior
184.0,480.0,105,ECU,Exterior
184.0,488.0,105,ECU,Exterior
192.0,488.0,105,ECU,Exterior
192.0,496.0,105,ECU,Exterior
192.0,504.0,105,ECU,Exterior
200.0,504.0,105,ECU,Exterior
200.0,496.0,105,ECU,Exterior
200.0,488.0,105,ECU,Exterior
208.0,488.0,105,ECU,Exterior
208.0,480.0,105,ECU,Exterior
208.0,472.0,105,ECU,Exterior
200.0,472.0,105,ECU,Exterior
200.0,464.0,105,ECU,Exterior
192.0,464.0,105,ECU,Exterior
208.0,488.0,106,PER,Exterior
216.0,488.0,106,PER,Exterior
216.0,480.0,106,PER,Exterior
208.0,480.0,106,PER,Exterior
208.0,488.0,106,PER,Exterior
208.0,488.0,107,PER,Exterior
200.0,488.0,107,PER,Exterior
200.0,496.0,107,PER,Exterior
200.0,504.0,107,PER,Exterior
192.0,504.0,107,PER,Exterior
192.0,496.0,107,PER,Exterior
184.0,496.0,107,PER,Exterior
184.0,504.0,107,PER,Exterior
184.0,512.0,107,PER,Exterior
192.0,512.0,107,PER,Exterior
192.0,520.0,107,PER,Exterior
200.0,520.0,107,PER,Exterior
200.0,528.0,107,PER,Exterior
208.0,528.0,107,PER,Exterior
208.0,536.0,107,PER,Exterior
216.0,536.0,107,PER,Exterior
216.0,528.0,107,PER,Exterior
216.0,520.0,107,PER,Exterior
216.0,512.0,107,PER,Exterior
208.0,512.0,107,PER,Exterior
208.0,504.0,107,PER,Exterior
208.0,496.0,107,PER,Exterior
208.0,488.0,107,PER,Exterior
208.0,352.0,108,DOM,Exterior
208.0,344.0,108,DOM,Exterior
200.0,344.0,108,DOM,Exterior
200.0,352.0,108,DOM,Exterior
200.0,360.0,108,DOM,Exterior
208.0,360.0,108,DOM,Exterior
216.0,360.0,108,DOM,Exterior
216.0,352.0,108,DOM,Exterior
208.0,352.0,108,DOM,Exterior
256.0,440.0,109,BRA,Exterior
248.0,440.0,109,BRA,Exterior
248.0,448.0,109,BRA,Exterior
240.0,448.0,109,BRA,Exterior
232.0,448.0,109,BRA,Exterior
232.0,456.0,109,BRA,Exterior
232.0,464.0,109,BRA,Exterior
224.0,464.0,109,BRA,Exterior
224.0,472.0,109,BRA,Exterior
216.0,472.0,109,BRA,Exterior
216.0,480.0,109,BRA,Exterior
216.0,488.0,109,BRA,Exterior
208.0,488.0,109,BRA,Exterior
208.0,496.0,109,BRA,Exterior
208.0,504.0,109,BRA,Exterior
208.0,512.0,109,BRA,Exterior
216.0,512.0,109,BRA,Exterior
216.0,520.0,109,BRA,Exterior
224.0,520.0,109,BRA,Exterior
232.0,520.0,109,BRA,Exterior
232.0,528.0,109,BRA,Exterior
240.0,528.0,109,BRA,Exterior
240.0,536.0,109,BRA,Exterior
240.0,544.0,109,BRA,Exterior
248.0,544.0,109,BRA,Exterior
248.0,552.0,109,BRA,Exterior
256.0,552.0,109,BRA,Exterior
256.0,544.0,109,BRA,Exterior
264.0,544.0,109,BRA,Exterior
264.0,536.0,109,BRA,Exterior
264.0,528.0,109,BRA,Exterior
272.0,528.0,109,BRA,Exterior
280.0,528.0,109,BRA,Exterior
280.0,520.0,109,BRA,Exterior
288.0,520.0,109,BRA,Exterior
288.0,512.0,109,BRA,Exterior
288.0,504.0,109,BRA,Exterior
296.0,504.0,109,BRA,Exterior
296.0,496.0,109,BRA,Exterior
296.0,488.0,109,BRA,Exterior
304.0,488.0,109,BRA,Exterior
304.0,480.0,109,BRA,Exterior
304.0,472.0,109,BRA,Exterior
296.0,472.0,109,BRA,Exterior
288.0,472.0,109,BRA,Exterior
288.0,464.0,109,BRA,Exterior
280.0,464.0,109,BRA,Exterior
280.0,456.0,109,BRA,Exterior
272.0,456.0,109,BRA,Exterior
272.0,448.0,109,BRA,Exterior
264.0,448.0,109,BRA,Exterior
264.0,440.0,109,BRA,Exterior
256.0,440.0,109,BRA,Exterior
248.0,552.0,110,BRA,Exterior
240.0,552.0,110,BRA,Exterior
240.0,560.0,110,BRA,Exterior
248.0,560.0,110,BRA,Exterior
248.0,552.0,110,BRA,Exterior
232.0,432.0,111,VEN,Exterior
232.0,424.0,111,VEN,Exterior
224.0,424.0,111,VEN,Exterior
224.0,432.0,111,VEN,Exterior
216.0,432.0,111,VEN,Exterior
216.0,440.0,111,VEN,Exterior
216.0,448.0,111,VEN,Exterior
224.0,448.0,111,VEN,Exterior
224.0,456.0,111,VEN,Exterior
224.0,464.0,111,VEN,Exterior
232.0,464.0,111,VEN,Exterior
232.0,456.0,111,VEN,Exterior
232.0,448.0,111,VEN,Exterior
240.0,448.0,111,VEN,Exterior
248.0,448.0,111,VEN,Exterior
248.0,440.0,111,VEN,Exterior
248.0,432.0,111,VEN,Exterior
240.0,432.0,111,VEN,Exterior
232.0,432.0,111,VEN,Exterior
216.0,544.0,112,CHL,Exterior
216.0,536.0,112,CHL,Exterior
208.0,536.0,112,CHL,Exterior
208.0,544.0,112,CHL,Exterior
208.0,552.0,112,CHL,Exterior
208.0,560.0,112,CHL,Exterior
208.0,568.0,112,CHL,Exterior
208.0,576.0,112,CHL,Exterior
208.0,584.0,112,CHL,Exterior
208.0,592.0,112,CHL,Exterior
208.0,600.0,112,CHL,Exterior
216.0,600.0,112,CHL,Exterior
216.0,592.0,112,CHL,Exterior
216.0,584.0,112,CHL,Exterior
216.0,576.0,112,CHL,Exterior
216.0,568.0,112,CHL,Exterior
216.0,560.0,112,CHL,Exterior
216.0,552.0,112,CHL,Exterior
216.0,544.0,112,CHL,Exterior
224.0,608.0,113,CHL,Exterior
224.0,600.0,113,CHL,Exterior
216.0,600.0,113,CHL,Exterior
216.0,608.0,113,CHL,Exterior
216.0,616.0,113,CHL,Exterior
224.0,616.0,113,CHL,Exterior
224.0,608.0,113,CHL,Exterior
224.0,616.0,114,CHL,Exterior
224.0,624.0,114,CHL,Exterior
232.0,624.0,114,CHL,Exterior
232.0,616.0,114,CHL,Exterior
224.0,616.0,114,CHL,Exterior
232.0,544.0,115,ARG,Exterior
232.0,536.0,115,ARG,Exterior
224.0,536.0,115,ARG,Exterior
224.0,544.0,115,ARG,Exterior
216.0,544.0,115,ARG,Exterior
216.0,552.0,115,ARG,Exterior
216.0,560.0,115,ARG,Exterior
216.0,568.0,115,ARG,Exterior
216.0,576.0,115,ARG,Exterior
216.0,584.0,115,ARG,Exterior
216.0,592.0,115,ARG,Exterior
216.0,600.0,115,ARG,Exterior
224.0,600.0,115,ARG,Exterior
224.0,608.0,115,ARG,Exterior
224.0,616.0,115,ARG,Exterior
232.0,616.0,115,ARG,Exterior
232.0,608.0,115,ARG,Exterior
232.0,600.0,115,ARG,Exterior
232.0,592.0,115,ARG,Exterior
232.0,584.0,115,ARG,Exterior
232.0,576.0,115,ARG,Exterior
240.0,576.0,115,ARG,Exterior
240.0,568.0,115,ARG,Exterior
240.0,560.0,115,ARG,Exterior
240.0,552.0,115,ARG,Exterior
240.0,544.0,115,ARG,Exterior
232.0,544.0,115,ARG,Exterior
224.0,520.0,116,BOL,Exterior
216.0,520.0,116,BOL,Exterior
216.0,528.0,116,BOL,Exterior
216.0,536.0,116,BOL,Exterior
216.0,544.0,116,BOL,Exterior
224.0,544.0,116,BOL,Exterior
224.0,536.0,116,BOL,Exterior
232.0,536.0,116,BOL,Exterior
240.0,536.0,116,BOL,Exterior
240.0,528.0,116,BOL,Exterior
232.0,528.0,116,BOL,Exterior
232.0,520.0,116,BOL,Exterior
224.0,520.0,116,BOL,Exterior
224.0,352.0,117,PRI,Exterior
224.0,360.0,117,PRI,Exterior
232.0,360.0,117,PRI,Exterior
232.0,352.0,117,PRI,Exterior
224.0,352.0,117,PRI,Exterior
240.0,544.0,118,PRY,Exterior
240.0,536.0,118,PRY,Exterior
232.0,536.0,118,PRY,Exterior
232.0,544.0,118,PRY,Exterior
240.0,544.0,118,PRY,Exterior
240.0,544.0,119,PRY,Exterior
240.0,552.0,119,PRY,Exterior
248.0,552.0,119,PRY,Exterior
248.0,544.0,119,PRY,Exterior
240.0,544.0,119,PRY,Exterior
240.0,400.0,120,TTO,Exterior
240.0,408.0,120,TTO,Exterior
248.0,408.0,120,TTO,Exterior
248.0,400.0,120,TTO,Exterior
240.0,400.0,120,TTO,Exterior
240.0,560.0,121,URY,Exterior
240.0,568.0,121,URY,Exterior
248.0,568.0,121,URY,Exterior
248.0,560.0,121,URY,Exterior
240.0,560.0,121,URY,Exterior
248.0,360.0,122,GLP,Exterior
248.0,368.0,122,GLP,Exterior
256.0,368.0,122,GLP,Exterior
256.0,360.0,122,GLP,Exterior
248.0,360.0,122,GLP,Exterior
248.0,376.0,123,MTQ,Exterior
248.0,384.0,123,MTQ,Exterior
256.0,384.0,123,MTQ,Exterior
256.0,376.0,123,MTQ,Exterior
248.0,376.0,123,MTQ,Exterior
248.0,384.0,124,LCA,Exterior
248.0,392.0,124,LCA,Exterior
256.0,392.0,124,LCA,Exterior
256.0,384.0,124,LCA,Exterior
248.0,384.0,124,LCA,Exterior
248.0,432.0,125,SUR,Exterior
248.0,440.0,125,SUR,Exterior
256.0,440.0,125,SUR,Exterior
256.0,432.0,125,SUR,Exterior
248.0,432.0,125,SUR,Exterior
344.0,104.0,126,GRL,Exterior
344.0,112.0,126,GRL,Exterior
352.0,112.0,126,GRL,Exterior
352.0,104.0,126,GRL,Exterior
344.0,104.0,126,GRL,Exterior
384.0,168.0,127,IRL,Exterior
384.0,160.0,127,IRL,Exterior
376.0,160.0,127,IRL,Exterior
376.0,168.0,127,IRL,Exterior
368.0,168.0,127,IRL,Exterior
368.0,176.0,127,IRL,Exterior
376.0,176.0,127,IRL,Exterior
384.0,176.0,127,IRL,Exterior
384.0,168.0,127,IRL,Exterior
416.0,256.0,128,ESP,Exterior
408.0,256.0,128,ESP,Exterior
408.0,264.0,128,ESP,Exterior
400.0,264.0,128,ESP,Exterior
392.0,264.0,128,ESP,Exterior
384.0,264.0,128,ESP,Exterior
384.0,272.0,128,ESP,Exterior
392.0,272.0,128,ESP,Exterior
392.0,280.0,128,ESP,Exterior
392.0,288.0,128,ESP,Exterior
392.0,296.0,128,ESP,Exterior
400.0,296.0,128,ESP,Exterior
400.0,304.0,128,ESP,Exterior
408.0,304.0,128,ESP,Exterior
408.0,296.0,128,ESP,Exterior
416.0,296.0,128,ESP,Exterior
416.0,288.0,128,ESP,Exterior
424.0,288.0,128,ESP,Exterior
424.0,280.0,128,ESP,Exterior
424.0,272.0,128,ESP,Exterior
432.0,272.0,128,ESP,Exterior
432.0,264.0,128,ESP,Exterior
424.0,264.0,128,ESP,Exterior
424.0,256.0,128,ESP,Exterior
416.0,256.0,128,ESP,Exterior
376.0,312.0,129,ESP,Exterior
376.0,320.0,129,ESP,Exterior
384.0,320.0,129,ESP,Exterior
384.0,312.0,129,ESP,Exterior
376.0,312.0,129,ESP,Exterior
400.0,120.0,130,GBR,Exterior
392.0,120.0,130,GBR,Exterior
392.0,128.0,130,GBR,Exterior
392.0,136.0,130,GBR,Exterior
384.0,136.0,130,GBR,Exterior
384.0,144.0,130,GBR,Exterior
392.0,144.0,130,GBR,Exterior
392.0,152.0,130,GBR,Exterior
384.0,152.0,130,GBR,Exterior
376.0,152.0,130,GBR,Exterior
376.0,160.0,130,GBR,Exterior
384.0,160.0,130,GBR,Exterior
392.0,160.0,130,GBR,Exterior
392.0,168.0,130,GBR,Exterior
400.0,168.0,130,GBR,Exterior
400.0,176.0,130,GBR,Exterior
392.0,176.0,130,GBR,Exterior
384.0,176.0,130,GBR,Exterior
384.0,184.0,130,GBR,Exterior
384.0,192.0,130,GBR,Exterior
392.0,192.0,130,GBR,Exterior
392.0,200.0,130,GBR,Exterior
400.0,200.0,130,GBR,Exterior
408.0,200.0,130,GBR,Exterior
408.0,208.0,130,GBR,Exterior
416.0,208.0,130,GBR,Exterior
416.0,200.0,130,GBR,Exterior
416.0,192.0,130,GBR,Exterior
424.0,192.0,130,GBR,Exterior
424.0,184.0,130,GBR,Exterior
416.0,184.0,130,GBR,Exterior
416.0,176.0,130,GBR,Exterior
416.0,168.0,130,GBR,Exterior
408.0,168.0,130,GBR,Exterior
408.0,160.0,130,GBR,Exterior
408.0,152.0,130,GBR,Exterior
400.0,152.0,130,GBR,Exterior
400.0,144.0,130,GBR,Exterior
408.0,144.0,130,GBR,Exterior
408.0,136.0,130,GBR,Exterior
400.0,136.0,130,GBR,Exterior
400.0,128.0,130,GBR,Exterior
408.0,128.0,130,GBR,Exterior
408.0,120.0,130,GBR,Exterior
400.0,120.0,130,GBR,Exterior
392.0,200.0,131,GBR,Exterior
384.0,200.0,131,GBR,Exterior
384.0,208.0,131,GBR,Exterior
392.0,208.0,131,GBR,Exterior
392.0,200.0,131,GBR,Exterior
392.0,280.0,132,PRT,Exterior
392.0,272.0,132,PRT,Exterior
384.0,272.0,132,PRT,Exterior
384.0,280.0,132,PRT,Exterior
384.0,288.0,132,PRT,Exterior
384.0,296.0,132,PRT,Exterior
392.0,296.0,132,PRT,Exterior
392.0,288.0,132,PRT,Exterior
392.0,280.0,132,PRT,Exterior
440.0,208.0,133,FRA,Exterior
440.0,200.0,133,FRA,Exterior
432.0,200.0,133,FRA,Exterior
432.0,208.0,133,FRA,Exterior
424.0,208.0,133,FRA,Exterior
424.0,216.0,133,FRA,Exterior
416.0,216.0,133,FRA,Exterior
416.0,224.0,133,FRA,Exterior
424.0,224.0,133,FRA,Exterior
424.0,232.0,133,FRA,Exterior
416.0,232.0,133,FRA,Exterior
416.0,240.0,133,FRA,Exterior
416.0,248.0,133,FRA,Exterior
416.0,256.0,133,FRA,Exterior
424.0,256.0,133,FRA,Exterior
424.0,264.0,133,FRA,Exterior
432.0,264.0,133,FRA,Exterior
432.0,256.0,133,FRA,Exterior
440.0,256.0,133,FRA,Exterior
448.0,256.0,133,FRA,Exterior
448.0,248.0,133,FRA,Exterior
448.0,240.0,133,FRA,Exterior
448.0,232.0,133,FRA,Exterior
456.0,232.0,133,FRA,Exterior
456.0,224.0,133,FRA,Exterior
456.0,216.0,133,FRA,Exterior
448.0,216.0,133,FRA,Exterior
448.0,208.0,133,FRA,Exterior
440.0,208.0,133,FRA,Exterior
448.0,264.0,134,FRA,Exterior
448.0,272.0,134,FRA,Exterior
456.0,272.0,134,FRA,Exterior
456.0,264.0,134,FRA,Exterior
448.0,264.0,134,FRA,Exterior
456.0,168.0,135,NLD,Exterior
448.0,168.0,135,NLD,Exterior
448.0,176.0,135,NLD,Exterior
448.0,184.0,135,NLD,Exterior
440.0,184.0,135,NLD,Exterior
440.0,192.0,135,NLD,Exterior
448.0,192.0,135,NLD,Exterior
456.0,192.0,135,NLD,Exterior
456.0,184.0,135,NLD,Exterior
456.0,176.0,135,NLD,Exterior
464.0,176.0,135,NLD,Exterior
464.0,168.0,135,NLD,Exterior
456.0,168.0,135,NLD,Exterior
448.0,192.0,136,BEL,Exterior
440.0,192.0,136,BEL,Exterior
440.0,200.0,136,BEL,Exterior
440.0,208.0,136,BEL,Exterior
448.0,208.0,136,BEL,Exterior
448.0,216.0,136,BEL,Exterior
456.0,216.0,136,BEL,Exterior
456.0,208.0,136,BEL,Exterior
456.0,200.0,136,BEL,Exterior
456.0,192.0,136,BEL,Exterior
448.0,192.0,136,BEL,Exterior
480.0,232.0,137,ITA,Exterior
472.0,232.0,137,ITA,Exterior
472.0,240.0,137,ITA,Exterior
464.0,240.0,137,ITA,Exterior
456.0,240.0,137,ITA,Exterior
448.0,240.0,137,ITA,Exterior
448.0,248.0,137,ITA,Exterior
448.0,256.0,137,ITA,Exterior
456.0,256.0,137,ITA,Exterior
464.0,256.0,137,ITA,Exterior
472.0,256.0,137,ITA,Exterior
472.0,264.0,137,ITA,Exterior
472.0,272.0,137,ITA,Exterior
480.0,272.0,137,ITA,Exterior
480.0,280.0,137,ITA,Exterior
488.0,280.0,137,ITA,Exterior
488.0,288.0,137,ITA,Exterior
488.0,296.0,137,ITA,Exterior
496.0,296.0,137,ITA,Exterior
496.0,288.0,137,ITA,Exterior
504.0,288.0,137,ITA,Exterior
504.0,280.0,137,ITA,Exterior
496.0,280.0,137,ITA,Exterior
496.0,272.0,137,ITA,Exterior
496.0,264.0,137,ITA,Exterior
488.0,264.0,137,ITA,Exterior
488.0,256.0,137,ITA,Exterior
480.0,256.0,137,ITA,Exterior
480.0,248.0,137,ITA,Exterior
488.0,248.0,137,ITA,Exterior
488.0,240.0,137,ITA,Exterior
496.0,240.0,137,ITA,Exterior
504.0,240.0,137,ITA,Exterior
504.0,232.0,137,ITA,Exterior
496.0,232.0,137,ITA,Exterior
488.0,232.0,137,ITA,Exterior
480.0,232.0,137,ITA,Exterior
472.0,296.0,138,ITA,Exterior
472.0,304.0,138,ITA,Exterior
480.0,304.0,138,ITA,Exterior
480.0,296.0,138,ITA,Exterior
472.0,296.0,138,ITA,Exterior
496.0,304.0,139,ITA,Exterior
504.0,304.0,139,ITA,Exterior
504.0,296.0,139,ITA,Exterior
496.0,296.0,139,ITA,Exterior
496.0,304.0,139,ITA,Exterior
496.0,304.0,140,ITA,Exterior
488.0,304.0,140,ITA,Exterior
488.0,312.0,140,ITA,Exterior
496.0,312.0,140,ITA,Exterior
496.0,304.0,140,ITA,Exterior
464.0,224.0,141,CHE,Exterior
456.0,224.0,141,CHE,Exterior
456.0,232.0,141,CHE,Exterior
448.0,232.0,141,CHE,Exterior
448.0,240.0,141,CHE,Exterior
456.0,240.0,141,CHE,Exterior
464.0,240.0,141,CHE,Exterior
472.0,240.0,141,CHE,Exterior
472.0,232.0,141,CHE,Exterior
472.0,224.0,141,CHE,Exterior
464.0,224.0,141,CHE,Exterior
472.0,160.0,142,DEU,Exterior
464.0,160.0,142,DEU,Exterior
464.0,168.0,142,DEU,Exterior
464.0,176.0,142,DEU,Exterior
456.0,176.0,142,DEU,Exterior
456.0,184.0,142,DEU,Exterior
456.0,192.0,142,DEU,Exterior
456.0,200.0,142,DEU,Exterior
456.0,208.0,142,DEU,Exterior
456.0,216.0,142,DEU,Exterior
456.0,224.0,142,DEU,Exterior
464.0,224.0,142,DEU,Exterior
472.0,224.0,142,DEU,Exterior
472.0,232.0,142,DEU,Exterior
480.0,232.0,142,DEU,Exterior
480.0,224.0,142,DEU,Exterior
488.0,224.0,142,DEU,Exterior
488.0,216.0,142,DEU,Exterior
488.0,208.0,142,DEU,Exterior
496.0,208.0,142,DEU,Exterior
496.0,200.0,142,DEU,Exterior
496.0,192.0,142,DEU,Exterior
496.0,184.0,142,DEU,Exterior
496.0,176.0,142,DEU,Exterior
496.0,168.0,142,DEU,Exterior
488.0,168.0,142,DEU,Exterior
488.0,160.0,142,DEU,Exterior
480.0,160.0,142,DEU,Exterior
472.0,160.0,142,DEU,Exterior
480.0,144.0,143,DNK,Exterior
472.0,144.0,143,DNK,Exterior
472.0,152.0,143,DNK,Exterior
472.0,160.0,143,DNK,Exterior
480.0,160.0,143,DNK,Exterior
480.0,152.0,143,DNK,Exterior
488.0,152.0,143,DNK,Exterior
488.0,144.0,143,DNK,Exterior
480.0,144.0,143,DNK,Exterior
488.0,224.0,144,AUT,Exterior
480.0,224.0,144,AUT,Exterior
480.0,232.0,144,AUT,Exterior
488.0,232.0,144,AUT,Exterior
496.0,232.0,144,AUT,Exterior
504.0,232.0,144,AUT,Exterior
504.0,224.0,144,AUT,Exterior
496.0,224.0,144,AUT,Exterior
488.0,224.0,144,AUT,Exterior
496.0,208.0,145,CZE,Exterior
488.0,208.0,145,CZE,Exterior
488.0,216.0,145,CZE,Exterior
488.0,224.0,145,CZE,Exterior
496.0,224.0,145,CZE,Exterior
504.0,224.0,145,CZE,Exterior
504.0,216.0,145,CZE,Exterior
512.0,216.0,145,CZE,Exterior
520.0,216.0,145,CZE,Exterior
520.0,208.0,145,CZE,Exterior
512.0,208.0,145,CZE,Exterior
504.0,208.0,145,CZE,Exterior
496.0,208.0,145,CZE,Exterior
504.0,120.0,146,NOR,Exterior
504.0,128.0,146,NOR,Exterior
512.0,128.0,146,NOR,Exterior
512.0,120.0,146,NOR,Exterior
504.0,120.0,146,NOR,Exterior
496.0,136.0,147,NOR,Exterior
496.0,144.0,147,NOR,Exterior
504.0,144.0,147,NOR,Exterior
504.0,136.0,147,NOR,Exterior
496.0,136.0,147,NOR,Exterior
504.0,168.0,148,POL,Exterior
496.0,168.0,148,POL,Exterior
496.0,176.0,148,POL,Exterior
496.0,184.0,148,POL,Exterior
496.0,192.0,148,POL,Exterior
496.0,200.0,148,POL,Exterior
496.0,208.0,148,POL,Exterior
504.0,208.0,148,POL,Exterior
512.0,208.0,148,POL,Exterior
520.0,208.0,148,POL,Exterior
520.0,200.0,148,POL,Exterior
528.0,200.0,148,POL,Exterior
528.0,192.0,148,POL,Exterior
520.0,192.0,148,POL,Exterior
520.0,184.0,148,POL,Exterior
520.0,176.0,148,POL,Exterior
528.0,176.0,148,POL,Exterior
528.0,168.0,148,POL,Exterior
520.0,168.0,148,POL,Exterior
512.0,168.0,148,POL,Exterior
504.0,168.0,148,POL,Exterior
512.0,128.0,149,SWE,Exterior
520.0,128.0,149,SWE,Exterior
520.0,120.0,149,SWE,Exterior
512.0,120.0,149,SWE,Exterior
512.0,128.0,149,SWE,Exterior
512.0,128.0,150,SWE,Exterior
504.0,128.0,150,SWE,Exterior
504.0,136.0,150,SWE,Exterior
512.0,136.0,150,SWE,Exterior
512.0,128.0,150,SWE,Exterior
496.0,144.0,151,SWE,Exterior
496.0,152.0,151,SWE,Exterior
504.0,152.0,151,SWE,Exterior
504.0,144.0,151,SWE,Exterior
496.0,144.0,151,SWE,Exterior
496.0,240.0,152,SVN,Exterior
496.0,248.0,152,SVN,Exterior
504.0,248.0,152,SVN,Exterior
504.0,240.0,152,SVN,Exterior
496.0,240.0,152,SVN,Exterior
504.0,216.0,153,SVK,Exterior
504.0,224.0,153,SVK,Exterior
512.0,224.0,153,SVK,Exterior
512.0,216.0,153,SVK,Exterior
504.0,216.0,153,SVK,Exterior
512.0,224.0,154,HUN,Exterior
504.0,224.0,154,HUN,Exterior
504.0,232.0,154,HUN,Exterior
504.0,240.0,154,HUN,Exterior
512.0,240.0,154,HUN,Exterior
520.0,240.0,154,HUN,Exterior
528.0,240.0,154,HUN,Exterior
528.0,232.0,154,HUN,Exterior
520.0,232.0,154,HUN,Exterior
520.0,224.0,154,HUN,Exterior
512.0,224.0,154,HUN,Exterior
512.0,256.0,155,BIH,Exterior
512.0,248.0,155,BIH,Exterior
504.0,248.0,155,BIH,Exterior
504.0,256.0,155,BIH,Exterior
504.0,264.0,155,BIH,Exterior
512.0,264.0,155,BIH,Exterior
512.0,256.0,155,BIH,Exterior
512.0,240.0,156,SRB,Exterior
504.0,240.0,156,SRB,Exterior
504.0,248.0,156,SRB,Exterior
512.0,248.0,156,SRB,Exterior
512.0,256.0,156,SRB,Exterior
512.0,264.0,156,SRB,Exterior
520.0,264.0,156,SRB,Exterior
520.0,256.0,156,SRB,Exterior
528.0,256.0,156,SRB,Exterior
528.0,248.0,156,SRB,Exterior
520.0,248.0,156,SRB,Exterior
520.0,240.0,156,SRB,Exterior
512.0,240.0,156,SRB,Exterior
520.0,136.0,157,FIN,Exterior
520.0,128.0,157,FIN,Exterior
512.0,128.0,157,FIN,Exterior
512.0,136.0,157,FIN,Exterior
512.0,144.0,157,FIN,Exterior
512.0,152.0,157,FIN,Exterior
520.0,152.0,157,FIN,Exterior
520.0,144.0,157,FIN,Exterior
520.0,136.0,157,FIN,Exterior
512.0,264.0,158,ALB,Exterior
512.0,272.0,158,ALB,Exterior
520.0,272.0,158,ALB,Exterior
520.0,264.0,158,ALB,Exterior
512.0,264.0,158,ALB,Exterior
552.0,200.0,159,UKR,Exterior
552.0,192.0,159,UKR,Exterior
544.0,192.0,159,UKR,Exterior
544.0,200.0,159,UKR,Exterior
536.0,200.0,159,UKR,Exterior
528.0,200.0,159,UKR,Exterior
520.0,200.0,159,UKR,Exterior
520.0,208.0,159,UKR,Exterior
520.0,216.0,159,UKR,Exterior
512.0,216.0,159,UKR,Exterior
512.0,224.0,159,UKR,Exterior
520.0,224.0,159,UKR,Exterior
520.0,232.0,159,UKR,Exterior
528.0,232.0,159,UKR,Exterior
528.0,224.0,159,UKR,Exterior
536.0,224.0,159,UKR,Exterior
544.0,224.0,159,UKR,Exterior
552.0,224.0,159,UKR,Exterior
560.0,224.0,159,UKR,Exterior
560.0,216.0,159,UKR,Exterior
560.0,208.0,159,UKR,Exterior
560.0,200.0,159,UKR,Exterior
552.0,200.0,159,UKR,Exterior
520.0,272.0,160,GRC,Exterior
512.0,272.0,160,GRC,Exterior
512.0,280.0,160,GRC,Exterior
520.0,280.0,160,GRC,Exterior
520.0,288.0,160,GRC,Exterior
528.0,288.0,160,GRC,Exterior
528.0,280.0,160,GRC,Exterior
528.0,272.0,160,GRC,Exterior
520.0,272.0,160,GRC,Exterior
536.0,232.0,161,ROU,Exterior
536.0,224.0,161,ROU,Exterior
528.0,224.0,161,ROU,Exterior
528.0,232.0,161,ROU,Exterior
528.0,240.0,161,ROU,Exterior
520.0,240.0,161,ROU,Exterior
520.0,248.0,161,ROU,Exterior
528.0,248.0,161,ROU,Exterior
528.0,256.0,161,ROU,Exterior
536.0,256.0,161,ROU,Exterior
544.0,256.0,161,ROU,Exterior
544.0,248.0,161,ROU,Exterior
544.0,240.0,161,ROU,Exterior
544.0,232.0,161,ROU,Exterior
536.0,232.0,161,ROU,Exterior
520.0,176.0,162,LTU,Exterior
520.0,184.0,162,LTU,Exterior
528.0,184.0,162,LTU,Exterior
528.0,176.0,162,LTU,Exterior
520.0,176.0,162,LTU,Exterior
528.0,184.0,163,BLR,Exterior
520.0,184.0,163,BLR,Exterior
520.0,192.0,163,BLR,Exterior
528.0,192.0,163,BLR,Exterior
528.0,200.0,163,BLR,Exterior
536.0,200.0,163,BLR,Exterior
544.0,200.0,163,BLR,Exterior
544.0,192.0,163,BLR,Exterior
536.0,192.0,163,BLR,Exterior
536.0,184.0,163,BLR,Exterior
528.0,184.0,163,BLR,Exterior
528.0,256.0,164,BGR,Exterior
520.0,256.0,164,BGR,Exterior
520.0,264.0,164,BGR,Exterior
528.0,264.0,164,BGR,Exterior
536.0,264.0,164,BGR,Exterior
536.0,256.0,164,BGR,Exterior
528.0,256.0,164,BGR,Exterior
520.0,264.0,165,MKD,Exterior
520.0,272.0,165,MKD,Exterior
528.0,272.0,165,MKD,Exterior
528.0,264.0,165,MKD,Exterior
520.0,264.0,165,MKD,Exterior
544.0,224.0,166,MDA,Exterior
536.0,224.0,166,MDA,Exterior
536.0,232.0,166,MDA,Exterior
544.0,232.0,166,MDA,Exterior
552.0,232.0,166,MDA,Exterior
552.0,224.0,166,MDA,Exterior
544.0,224.0,166,MDA,Exterior
368.0,408.0,167,GIN,Exterior
360.0,408.0,167,GIN,Exterior
360.0,416.0,167,GIN,Exterior
360.0,424.0,167,GIN,Exterior
368.0,424.0,167,GIN,Exterior
368.0,432.0,167,GIN,Exterior
368.0,440.0,167,GIN,Exterior
368.0,448.0,167,GIN,Exterior
376.0,448.0,167,GIN,Exterior
376.0,440.0,167,GIN,Exterior
376.0,432.0,167,GIN,Exterior
376.0,424.0,167,GIN,Exterior
376.0,416.0,167,GIN,Exterior
376.0,408.0,167,GIN,Exterior
368.0,408.0,167,GIN,Exterior
368.0,432.0,168,SLE,Exterior
368.0,424.0,168,SLE,Exterior
360.0,424.0,168,SLE,Exterior
360.0,432.0,168,SLE,Exterior
360.0,440.0,168,SLE,Exterior
368.0,440.0,168,SLE,Exterior
368.0,432.0,168,SLE,Exterior
368.0,448.0,169,LBR,Exterior
368.0,440.0,169,LBR,Exterior
360.0,440.0,169,LBR,Exterior
360.0,448.0,169,LBR,Exterior
360.0,456.0,169,LBR,Exterior
368.0,456.0,169,LBR,Exterior
376.0,456.0,169,LBR,Exterior
376.0,448.0,169,LBR,Exterior
368.0,448.0,169,LBR,Exterior
376.0,384.0,170,SEN,Exterior
368.0,384.0,170,SEN,Exterior
368.0,392.0,170,SEN,Exterior
376.0,392.0,170,SEN,Exterior
384.0,392.0,170,SEN,Exterior
384.0,400.0,170,SEN,Exterior
392.0,400.0,170,SEN,Exterior
400.0,400.0,170,SEN,Exterior
400.0,392.0,170,SEN,Exterior
400.0,384.0,170,SEN,Exterior
392.0,384.0,170,SEN,Exterior
384.0,384.0,170,SEN,Exterior
376.0,384.0,170,SEN,Exterior
376.0,392.0,171,GMB,Exterior
368.0,392.0,171,GMB,Exterior
368.0,400.0,171,GMB,Exterior
376.0,400.0,171,GMB,Exterior
384.0,400.0,171,GMB,Exterior
384.0,392.0,171,GMB,Exterior
376.0,392.0,171,GMB,Exterior
368.0,400.0,172,GNB,Exterior
368.0,408.0,172,GNB,Exterior
376.0,408.0,172,GNB,Exterior
376.0,400.0,172,GNB,Exterior
368.0,400.0,172,GNB,Exterior
384.0,376.0,173,MRT,Exterior
376.0,376.0,173,MRT,Exterior
376.0,384.0,173,MRT,Exterior
384.0,384.0,173,MRT,Exterior
392.0,384.0,173,MRT,Exterior
392.0,376.0,173,MRT,Exterior
384.0,376.0,173,MRT,Exterior
384.0,400.0,174,CIV,Exterior
376.0,400.0,174,CIV,Exterior
376.0,408.0,174,CIV,Exterior
376.0,416.0,174,CIV,Exterior
376.0,424.0,174,CIV,Exterior
376.0,432.0,174,CIV,Exterior
376.0,440.0,174,CIV,Exterior
376.0,448.0,174,CIV,Exterior
376.0,456.0,174,CIV,Exterior
384.0,456.0,174,CIV,Exterior
384.0,448.0,174,CIV,Exterior
384.0,440.0,174,CIV,Exterior
384.0,432.0,174,CIV,Exterior
392.0,432.0,174,CIV,Exterior
392.0,424.0,174,CIV,Exterior
392.0,416.0,174,CIV,Exterior
392.0,408.0,174,CIV,Exterior
392.0,400.0,174,CIV,Exterior
384.0,400.0,174,CIV,Exterior
432.0,320.0,175,MAR,Exterior
424.0,320.0,175,MAR,Exterior
424.0,328.0,175,MAR,Exterior
416.0,328.0,175,MAR,Exterior
416.0,336.0,175,MAR,Exterior
416.0,344.0,175,MAR,Exterior
408.0,344.0,175,MAR,Exterior
408.0,352.0,175,MAR,Exterior
400.0,352.0,175,MAR,Exterior
400.0,360.0,175,MAR,Exterior
392.0,360.0,175,MAR,Exterior
392.0,368.0,175,MAR,Exterior
384.0,368.0,175,MAR,Exterior
384.0,376.0,175,MAR,Exterior
392.0,376.0,175,MAR,Exterior
400.0,376.0,175,MAR,Exterior
400.0,368.0,175,MAR,Exterior
408.0,368.0,175,MAR,Exterior
416.0,368.0,175,MAR,Exterior
424.0,368.0,175,MAR,Exterior
424.0,360.0,175,MAR,Exterior
424.0,352.0,175,MAR,Exterior
424.0,344.0,175,MAR,Exterior
432.0,344.0,175,MAR,Exterior
432.0,336.0,175,MAR,Exterior
440.0,336.0,175,MAR,Exterior
440.0,328.0,175,MAR,Exterior
440.0,320.0,175,MAR,Exterior
432.0,320.0,175,MAR,Exterior
400.0,400.0,176,GHA,Exterior
392.0,400.0,176,GHA,Exterior
392.0,408.0,176,GHA,Exterior
392.0,416.0,176,GHA,Exterior
392.0,424.0,176,GHA,Exterior
392.0,432.0,176,GHA,Exterior
384.0,432.0,176,GHA,Exterior
384.0,440.0,176,GHA,Exterior
384.0,448.0,176,GHA,Exterior
384.0,456.0,176,GHA,Exterior
392.0,456.0,176,GHA,Exterior
400.0,456.0,176,GHA,Exterior
408.0,456.0,176,GHA,Exterior
408.0,448.0,176,GHA,Exterior
408.0,440.0,176,GHA,Exterior
408.0,432.0,176,GHA,Exterior
408.0,424.0,176,GHA,Exterior
408.0,416.0,176,GHA,Exterior
408.0,408.0,176,GHA,Exterior
408.0,400.0,176,GHA,Exterior
400.0,400.0,176,GHA,Exterior
408.0,376.0,177,BFA,Exterior
408.0,368.0,177,BFA,Exterior
400.0,368.0,177,BFA,Exterior
400.0,376.0,177,BFA,Exterior
392.0,376.0,177,BFA,Exterior
392.0,384.0,177,BFA,Exterior
400.0,384.0,177,BFA,Exterior
408.0,384.0,177,BFA,Exterior
408.0,392.0,177,BFA,Exterior
416.0,392.0,177,BFA,Exterior
416.0,384.0,177,BFA,Exterior
424.0,384.0,177,BFA,Exterior
432.0,384.0,177,BFA,Exterior
432.0,376.0,177,BFA,Exterior
424.0,376.0,177,BFA,Exterior
416.0,376.0,177,BFA,Exterior
408.0,376.0,177,BFA,Exterior
448.0,376.0,178,NGA,Exterior
448.0,368.0,178,NGA,Exterior
440.0,368.0,178,NGA,Exterior
440.0,376.0,178,NGA,Exterior
432.0,376.0,178,NGA,Exterior
432.0,384.0,178,NGA,Exterior
424.0,384.0,178,NGA,Exterior
416.0,384.0,178,NGA,Exterior
416.0,392.0,178,NGA,Exterior
408.0,392.0,178,NGA,Exterior
408.0,384.0,178,NGA,Exterior
400.0,384.0,178,NGA,Exterior
400.0,392.0,178,NGA,Exterior
400.0,400.0,178,NGA,Exterior
408.0,400.0,178,NGA,Exterior
408.0,408.0,178,NGA,Exterior
416.0,408.0,178,NGA,Exterior
424.0,408.0,178,NGA,Exterior
424.0,416.0,178,NGA,Exterior
424.0,424.0,178,NGA,Exterior
424.0,432.0,178,NGA,Exterior
424.0,440.0,178,NGA,Exterior
416.0,440.0,178,NGA,Exterior
416.0,448.0,178,NGA,Exterior
416.0,456.0,178,NGA,Exterior
424.0,456.0,178,NGA,Exterior
424.0,464.0,178,NGA,Exterior
432.0,464.0,178,NGA,Exterior
432.0,472.0,178,NGA,Exterior
432.0,480.0,178,NGA,Exterior
440.0,480.0,178,NGA,Exterior
448.0,480.0,178,NGA,Exterior
456.0,480.0,178,NGA,Exterior
456.0,472.0,178,NGA,Exterior
456.0,464.0,178,NGA,Exterior
464.0,464.0,178,NGA,Exterior
464.0,456.0,178,NGA,Exterior
464.0,448.0,178,NGA,Exterior
464.0,440.0,178,NGA,Exterior
472.0,440.0,178,NGA,Exterior
472.0,432.0,178,NGA,Exterior
472.0,424.0,178,NGA,Exterior
480.0,424.0,178,NGA,Exterior
480.0,416.0,178,NGA,Exterior
480.0,408.0,178,NGA,Exterior
480.0,400.0,178,NGA,Exterior
480.0,392.0,178,NGA,Exterior
480.0,384.0,178,NGA,Exterior
480.0,376.0,178,NGA,Exterior
472.0,376.0,178,NGA,Exterior
464.0,376.0,178,NGA,Exterior
456.0,376.0,178,NGA,Exterior
448.0,376.0,178,NGA,Exterior
432.0,352.0,179,MLI,Exterior
424.0,352.0,179,MLI,Exterior
424.0,360.0,179,MLI,Exterior
424.0,368.0,179,MLI,Exterior
416.0,368.0,179,MLI,Exterior
408.0,368.0,179,MLI,Exterior
408.0,376.0,179,MLI,Exterior
416.0,376.0,179,MLI,Exterior
424.0,376.0,179,MLI,Exterior
432.0,376.0,179,MLI,Exterior
440.0,376.0,179,MLI,Exterior
440.0,368.0,179,MLI,Exterior
448.0,368.0,179,MLI,Exterior
448.0,360.0,179,MLI,Exterior
448.0,352.0,179,MLI,Exterior
440.0,352.0,179,MLI,Exterior
432.0,352.0,179,MLI,Exterior
416.0,448.0,180,TGO,Exterior
416.0,440.0,180,TGO,Exterior
408.0,440.0,180,TGO,Exterior
408.0,448.0,180,TGO,Exterior
408.0,456.0,180,TGO,Exterior
416.0,456.0,180,TGO,Exterior
416.0,448.0,180,TGO,Exterior
416.0,408.0,181,BEN,Exterior
408.0,408.0,181,BEN,Exterior
408.0,416.0,181,BEN,Exterior
408.0,424.0,181,BEN,Exterior
408.0,432.0,181,BEN,Exterior
408.0,440.0,181,BEN,Exterior
416.0,440.0,181,BEN,Exterior
424.0,440.0,181,BEN,Exterior
424.0,432.0,181,BEN,Exterior
424.0,424.0,181,BEN,Exterior
424.0,416.0,181,BEN,Exterior
424.0,408.0,181,BEN,Exterior
416.0,408.0,181,BEN,Exterior
448.0,320.0,182,DZA,Exterior
440.0,320.0,182,DZA,Exterior
440.0,328.0,182,DZA,Exterior
440.0,336.0,182,DZA,Exterior
432.0,336.0,182,DZA,Exterior
432.0,344.0,182,DZA,Exterior
424.0,344.0,182,DZA,Exterior
424.0,352.0,182,DZA,Exterior
432.0,352.0,182,DZA,Exterior
440.0,352.0,182,DZA,Exterior
448.0,352.0,182,DZA,Exterior
448.0,360.0,182,DZA,Exterior
448.0,368.0,182,DZA,Exterior
456.0,368.0,182,DZA,Exterior
464.0,368.0,182,DZA,Exterior
464.0,360.0,182,DZA,Exterior
464.0,352.0,182,DZA,Exterior
472.0,352.0,182,DZA,Exterior
472.0,344.0,182,DZA,Exterior
472.0,336.0,182,DZA,Exterior
472.0,328.0,182,DZA,Exterior
464.0,328.0,182,DZA,Exterior
464.0,320.0,182,DZA,Exterior
456.0,320.0,182,DZA,Exterior
448.0,320.0,182,DZA,Exterior
488.0,344.0,183,NER,Exterior
488.0,336.0,183,NER,Exterior
480.0,336.0,183,NER,Exterior
480.0,344.0,183,NER,Exterior
472.0,344.0,183,NER,Exterior
472.0,352.0,183,NER,Exterior
464.0,352.0,183,NER,Exterior
464.0,360.0,183,NER,Exterior
464.0,368.0,183,NER,Exterior
456.0,368.0,183,NER,Exterior
448.0,368.0,183,NER,Exterior
448.0,376.0,183,NER,Exterior
456.0,376.0,183,NER,Exterior
464.0,376.0,183,NER,Exterior
472.0,376.0,183,NER,Exterior
480.0,376.0,183,NER,Exterior
480.0,368.0,183,NER,Exterior
488.0,368.0,183,NER,Exterior
488.0,360.0,183,NER,Exterior
488.0,352.0,183,NER,Exterior
488.0,344.0,183,NER,Exterior
480.0,440.0,184,CMR,Exterior
480.0,432.0,184,CMR,Exterior
472.0,432.0,184,CMR,Exterior
472.0,440.0,184,CMR,Exterior
464.0,440.0,184,CMR,Exterior
464.0,448.0,184,CMR,Exterior
464.0,456.0,184,CMR,Exterior
464.0,464.0,184,CMR,Exterior
456.0,464.0,184,CMR,Exterior
456.0,472.0,184,CMR,Exterior
456.0,480.0,184,CMR,Exterior
464.0,480.0,184,CMR,Exterior
472.0,480.0,184,CMR,Exterior
480.0,480.0,184,CMR,Exterior
480.0,472.0,184,CMR,Exterior
480.0,464.0,184,CMR,Exterior
480.0,456.0,184,CMR,Exterior
480.0,448.0,184,CMR,Exterior
480.0,440.0,184,CMR,Exterior
472.0,328.0,185,TUN,Exterior
472.0,320.0,185,TUN,Exterior
464.0,320.0,185,TUN,Exterior
464.0,328.0,185,TUN,Exterior
472.0,328.0,185,TUN,Exterior
480.0,336.0,186,TUN,Exterior
480.0,328.0,186,TUN,Exterior
472.0,328.0,186,TUN,Exterior
472.0,336.0,186,TUN,Exterior
472.0,344.0,186,TUN,Exterior
480.0,344.0,186,TUN,Exterior
480.0,336.0,186,TUN,Exterior
464.0,480.0,187,GNQ,Exterior
464.0,488.0,187,GNQ,Exterior
472.0,488.0,187,GNQ,Exterior
472.0,480.0,187,GNQ,Exterior
464.0,480.0,187,GNQ,Exterior
464.0,488.0,188,GAB,Exterior
464.0,496.0,188,GAB,Exterior
472.0,496.0,188,GAB,Exterior
472.0,488.0,188,GAB,Exterior
464.0,488.0,188,GAB,Exterior
480.0,488.0,189,COG,Exterior
480.0,480.0,189,COG,Exterior
472.0,480.0,189,COG,Exterior
472.0,488.0,189,COG,Exterior
472.0,496.0,189,COG,Exterior
480.0,496.0,189,COG,Exterior
480.0,488.0,189,COG,Exterior
472.0,496.0,190,COG,Exterior
464.0,496.0,190,COG,Exterior
464.0,504.0,190,COG,Exterior
472.0,504.0,190,COG,Exterior
472.0,496.0,190,COG,Exterior
472.0,528.0,191,AGO,Exterior
464.0,528.0,191,AGO,Exterior
464.0,536.0,191,AGO,Exterior
464.0,544.0,191,AGO,Exterior
464.0,552.0,191,AGO,Exterior
464.0,560.0,191,AGO,Exterior
464.0,568.0,191,AGO,Exterior
472.0,568.0,191,AGO,Exterior
480.0,568.0,191,AGO,Exterior
488.0,568.0,191,AGO,Exterior
488.0,560.0,191,AGO,Exterior
488.0,552.0,191,AGO,Exterior
496.0,552.0,191,AGO,Exterior
496.0,544.0,191,AGO,Exterior
496.0,536.0,191,AGO,Exterior
488.0,536.0,191,AGO,Exterior
488.0,528.0,191,AGO,Exterior
480.0,528.0,191,AGO,Exterior
472.0,528.0,191,AGO,Exterior
464.0,568.0,192,NAM,Exterior
464.0,576.0,192,NAM,Exterior
472.0,576.0,192,NAM,Exterior
472.0,568.0,192,NAM,Exterior
464.0,568.0,192,NAM,Exterior
488.0,464.0,193,COD,Exterior
480.0,464.0,193,COD,Exterior
480.0,472.0,193,COD,Exterior
480.0,480.0,193,COD,Exterior
480.0,488.0,193,COD,Exterior
480.0,496.0,193,COD,Exterior
472.0,496.0,193,COD,Exterior
472.0,504.0,193,COD,Exterior
464.0,504.0,193,COD,Exterior
464.0,512.0,193,COD,Exterior
472.0,512.0,193,COD,Exterior
472.0,520.0,193,COD,Exterior
464.0,520.0,193,COD,Exterior
464.0,528.0,193,COD,Exterior
472.0,528.0,193,COD,Exterior
480.0,528.0,193,COD,Exterior
488.0,528.0,193,COD,Exterior
488.0,536.0,193,COD,Exterior
496.0,536.0,193,COD,Exterior
496.0,544.0,193,COD,Exterior
504.0,544.0,193,COD,Exterior
512.0,544.0,193,COD,Exterior
512.0,536.0,193,COD,Exterior
512.0,528.0,193,COD,Exterior
512.0,520.0,193,COD,Exterior
512.0,512.0,193,COD,Exterior
512.0,504.0,193,COD,Exterior
512.0,496.0,193,COD,Exterior
512.0,488.0,193,COD,Exterior
512.0,480.0,193,COD,Exterior
504.0,480.0,193,COD,Exterior
504.0,472.0,193,COD,Exterior
504.0,464.0,193,COD,Exterior
496.0,464.0,193,COD,Exterior
488.0,464.0,193,COD,Exterior
472.0,576.0,194,ZAF,Exterior
472.0,584.0,194,ZAF,Exterior
472.0,592.0,194,ZAF,Exterior
472.0,600.0,194,ZAF,Exterior
472.0,608.0,194,ZAF,Exterior
472.0,616.0,194,ZAF,Exterior
480.0,616.0,194,ZAF,Exterior
480.0,624.0,194,ZAF,Exterior
488.0,624.0,194,ZAF,Exterior
488.0,616.0,194,ZAF,Exterior
496.0,616.0,194,ZAF,Exterior
504.0,616.0,194,ZAF,Exterior
512.0,616.0,194,ZAF,Exterior
512.0,608.0,194,ZAF,Exterior
520.0,608.0,194,ZAF,Exterior
520.0,600.0,194,ZAF,Exterior
520.0,592.0,194,ZAF,Exterior
520.0,584.0,194,ZAF,Exterior
520.0,576.0,194,ZAF,Exterior
512.0,576.0,194,ZAF,Exterior
504.0,576.0,194,ZAF,Exterior
496.0,576.0,194,ZAF,Exterior
496.0,584.0,194,ZAF,Exterior
488.0,584.0,194,ZAF,Exterior
480.0,584.0,194,ZAF,Exterior
480.0,576.0,194,ZAF,Exterior
472.0,576.0,194,ZAF,Exterior
488.0,408.0,195,TCD,Exterior
488.0,400.0,195,TCD,Exterior
480.0,400.0,195,TCD,Exterior
480.0,408.0,195,TCD,Exterior
480.0,416.0,195,TCD,Exterior
480.0,424.0,195,TCD,Exterior
472.0,424.0,195,TCD,Exterior
472.0,432.0,195,TCD,Exterior
480.0,432.0,195,TCD,Exterior
480.0,440.0,195,TCD,Exterior
480.0,448.0,195,TCD,Exterior
488.0,448.0,195,TCD,Exterior
488.0,440.0,195,TCD,Exterior
488.0,432.0,195,TCD,Exterior
488.0,424.0,195,TCD,Exterior
488.0,416.0,195,TCD,Exterior
488.0,408.0,195,TCD,Exterior
496.0,568.0,196,ZWE,Exterior
496.0,560.0,196,ZWE,Exterior
488.0,560.0,196,ZWE,Exterior
488.0,568.0,196,ZWE,Exterior
480.0,568.0,196,ZWE,Exterior
472.0,568.0,196,ZWE,Exterior
472.0,576.0,196,ZWE,Exterior
480.0,576.0,196,ZWE,Exterior
480.0,584.0,196,ZWE,Exterior
488.0,584.0,196,ZWE,Exterior
496.0,584.0,196,ZWE,Exterior
496.0,576.0,196,ZWE,Exterior
504.0,576.0,196,ZWE,Exterior
504.0,568.0,196,ZWE,Exterior
496.0,568.0,196,ZWE,Exterior
488.0,328.0,197,LBY,Exterior
480.0,328.0,197,LBY,Exterior
480.0,336.0,197,LBY,Exterior
488.0,336.0,197,LBY,Exterior
488.0,344.0,197,LBY,Exterior
496.0,344.0,197,LBY,Exterior
496.0,336.0,197,LBY,Exterior
496.0,328.0,197,LBY,Exterior
488.0,328.0,197,LBY,Exterior
488.0,368.0,198,SDN,Exterior
480.0,368.0,198,SDN,Exterior
480.0,376.0,198,SDN,Exterior
480.0,384.0,198,SDN,Exterior
480.0,392.0,198,SDN,Exterior
480.0,400.0,198,SDN,Exterior
488.0,400.0,198,SDN,Exterior
496.0,400.0,198,SDN,Exterior
504.0,400.0,198,SDN,Exterior
512.0,400.0,198,SDN,Exterior
520.0,400.0,198,SDN,Exterior
520.0,392.0,198,SDN,Exterior
520.0,384.0,198,SDN,Exterior
520.0,376.0,198,SDN,Exterior
512.0,376.0,198,SDN,Exterior
504.0,376.0,198,SDN,Exterior
496.0,376.0,198,SDN,Exterior
496.0,368.0,198,SDN,Exterior
488.0,368.0,198,SDN,Exterior
488.0,448.0,199,CAF,Exterior
480.0,448.0,199,CAF,Exterior
480.0,456.0,199,CAF,Exterior
480.0,464.0,199,CAF,Exterior
488.0,464.0,199,CAF,Exterior
496.0,464.0,199,CAF,Exterior
504.0,464.0,199,CAF,Exterior
504.0,456.0,199,CAF,Exterior
496.0,456.0,199,CAF,Exterior
496.0,448.0,199,CAF,Exterior
488.0,448.0,199,CAF,Exterior
496.0,400.0,200,SSD,Exterior
488.0,400.0,200,SSD,Exterior
488.0,408.0,200,SSD,Exterior
488.0,416.0,200,SSD,Exterior
496.0,416.0,200,SSD,Exterior
504.0,416.0,200,SSD,Exterior
512.0,416.0,200,SSD,Exterior
512.0,408.0,200,SSD,Exterior
520.0,408.0,200,SSD,Exterior
520.0,400.0,200,SSD,Exterior
512.0,400.0,200,SSD,Exterior
504.0,400.0,200,SSD,Exterior
496.0,400.0,200,SSD,Exterior
520.0,408.0,201,UGA,Exterior
512.0,408.0,201,UGA,Exterior
512.0,416.0,201,UGA,Exterior
504.0,416.0,201,UGA,Exterior
496.0,416.0,201,UGA,Exterior
488.0,416.0,201,UGA,Exterior
488.0,424.0,201,UGA,Exterior
488.0,432.0,201,UGA,Exterior
488.0,440.0,201,UGA,Exterior
488.0,448.0,201,UGA,Exterior
496.0,448.0,201,UGA,Exterior
504.0,448.0,201,UGA,Exterior
512.0,448.0,201,UGA,Exterior
520.0,448.0,201,UGA,Exterior
520.0,440.0,201,UGA,Exterior
528.0,440.0,201,UGA,Exterior
528.0,432.0,201,UGA,Exterior
528.0,424.0,201,UGA,Exterior
528.0,416.0,201,UGA,Exterior
528.0,408.0,201,UGA,Exterior
520.0,408.0,201,UGA,Exterior
504.0,328.0,202,EGY,Exterior
504.0,320.0,202,EGY,Exterior
496.0,320.0,202,EGY,Exterior
496.0,328.0,202,EGY,Exterior
496.0,336.0,202,EGY,Exterior
496.0,344.0,202,EGY,Exterior
488.0,344.0,202,EGY,Exterior
488.0,352.0,202,EGY,Exterior
488.0,360.0,202,EGY,Exterior
488.0,368.0,202,EGY,Exterior
496.0,368.0,202,EGY,Exterior
496.0,376.0,202,EGY,Exterior
504.0,376.0,202,EGY,Exterior
512.0,376.0,202,EGY,Exterior
520.0,376.0,202,EGY,Exterior
528.0,376.0,202,EGY,Exterior
536.0,376.0,202,EGY,Exterior
544.0,376.0,202,EGY,Exterior
552.0,376.0,202,EGY,Exterior
560.0,376.0,202,EGY,Exterior
560.0,368.0,202,EGY,Exterior
568.0,368.0,202,EGY,Exterior
568.0,360.0,202,EGY,Exterior
560.0,360.0,202,EGY,Exterior
560.0,352.0,202,EGY,Exterior
552.0,352.0,202,EGY,Exterior
552.0,344.0,202,EGY,Exterior
544.0,344.0,202,EGY,Exterior
544.0,336.0,202,EGY,Exterior
544.0,328.0,202,EGY,Exterior
536.0,328.0,202,EGY,Exterior
536.0,320.0,202,EGY,Exterior
528.0,320.0,202,EGY,Exterior
520.0,320.0,202,EGY,Exterior
520.0,328.0,202,EGY,Exterior
512.0,328.0,202,EGY,Exterior
504.0,328.0,202,EGY,Exterior
520.0,544.0,203,ZMB,Exterior
520.0,536.0,203,ZMB,Exterior
512.0,536.0,203,ZMB,Exterior
512.0,544.0,203,ZMB,Exterior
504.0,544.0,203,ZMB,Exterior
496.0,544.0,203,ZMB,Exterior
496.0,552.0,203,ZMB,Exterior
488.0,552.0,203,ZMB,Exterior
488.0,560.0,203,ZMB,Exterior
496.0,560.0,203,ZMB,Exterior
496.0,568.0,203,ZMB,Exterior
504.0,568.0,203,ZMB,Exterior
504.0,560.0,203,ZMB,Exterior
512.0,560.0,203,ZMB,Exterior
520.0,560.0,203,ZMB,Exterior
520.0,552.0,203,ZMB,Exterior
520.0,544.0,203,ZMB,Exterior
504.0,448.0,204,RWA,Exterior
496.0,448.0,204,RWA,Exterior
496.0,456.0,204,RWA,Exterior
504.0,456.0,204,RWA,Exterior
504.0,464.0,204,RWA,Exterior
512.0,464.0,204,RWA,Exterior
520.0,464.0,204,RWA,Exterior
520.0,456.0,204,RWA,Exterior
520.0,448.0,204,RWA,Exterior
512.0,448.0,204,RWA,Exterior
504.0,448.0,204,RWA,Exterior
512.0,464.0,205,BDI,Exterior
504.0,464.0,205,BDI,Exterior
504.0,472.0,205,BDI,Exterior
504.0,480.0,205,BDI,Exterior
512.0,480.0,205,BDI,Exterior
520.0,480.0,205,BDI,Exterior
520.0,472.0,205,BDI,Exterior
528.0,472.0,205,BDI,Exterior
528.0,464.0,205,BDI,Exterior
520.0,464.0,205,BDI,Exterior
512.0,464.0,205,BDI,Exterior
536.0,528.0,206,MOZ,Exterior
536.0,520.0,206,MOZ,Exterior
528.0,520.0,206,MOZ,Exterior
528.0,528.0,206,MOZ,Exterior
520.0,528.0,206,MOZ,Exterior
520.0,536.0,206,MOZ,Exterior
528.0,536.0,206,MOZ,Exterior
528.0,544.0,206,MOZ,Exterior
528.0,552.0,206,MOZ,Exterior
528.0,560.0,206,MOZ,Exterior
528.0,568.0,206,MOZ,Exterior
536.0,568.0,206,MOZ,Exterior
536.0,560.0,206,MOZ,Exterior
536.0,552.0,206,MOZ,Exterior
544.0,552.0,206,MOZ,Exterior
544.0,544.0,206,MOZ,Exterior
544.0,536.0,206,MOZ,Exterior
544.0,528.0,206,MOZ,Exterior
536.0,528.0,206,MOZ,Exterior
504.0,560.0,207,MOZ,Exterior
504.0,568.0,207,MOZ,Exterior
504.0,576.0,207,MOZ,Exterior
512.0,576.0,207,MOZ,Exterior
520.0,576.0,207,MOZ,Exterior
520.0,584.0,207,MOZ,Exterior
520.0,592.0,207,MOZ,Exterior
528.0,592.0,207,MOZ,Exterior
528.0,584.0,207,MOZ,Exterior
528.0,576.0,207,MOZ,Exterior
528.0,568.0,207,MOZ,Exterior
520.0,568.0,207,MOZ,Exterior
520.0,560.0,207,MOZ,Exterior
512.0,560.0,207,MOZ,Exterior
504.0,560.0,207,MOZ,Exterior
528.0,472.0,208,TZA,Exterior
520.0,472.0,208,TZA,Exterior
520.0,480.0,208,TZA,Exterior
512.0,480.0,208,TZA,Exterior
512.0,488.0,208,TZA,Exterior
512.0,496.0,208,TZA,Exterior
512.0,504.0,208,TZA,Exterior
512.0,512.0,208,TZA,Exterior
520.0,512.0,208,TZA,Exterior
520.0,520.0,208,TZA,Exterior
520.0,528.0,208,TZA,Exterior
528.0,528.0,208,TZA,Exterior
528.0,520.0,208,TZA,Exterior
536.0,520.0,208,TZA,Exterior
536.0,528.0,208,TZA,Exterior
544.0,528.0,208,TZA,Exterior
544.0,520.0,208,TZA,Exterior
544.0,512.0,208,TZA,Exterior
544.0,504.0,208,TZA,Exterior
552.0,504.0,208,TZA,Exterior
552.0,496.0,208,TZA,Exterior
552.0,488.0,208,TZA,Exterior
552.0,480.0,208,TZA,Exterior
544.0,480.0,208,TZA,Exterior
536.0,480.0,208,TZA,Exterior
536.0,472.0,208,TZA,Exterior
528.0,472.0,208,TZA,Exterior
520.0,520.0,209,MWI,Exterior
520.0,512.0,209,MWI,Exterior
512.0,512.0,209,MWI,Exterior
512.0,520.0,209,MWI,Exterior
512.0,528.0,209,MWI,Exterior
512.0,536.0,209,MWI,Exterior
520.0,536.0,209,MWI,Exterior
520.0,528.0,209,MWI,Exterior
520.0,520.0,209,MWI,Exterior
520.0,536.0,210,MWI,Exterior
520.0,544.0,210,MWI,Exterior
520.0,552.0,210,MWI,Exterior
520.0,560.0,210,MWI,Exterior
520.0,568.0,210,MWI,Exterior
528.0,568.0,210,MWI,Exterior
528.0,560.0,210,MWI,Exterior
528.0,552.0,210,MWI,Exterior
528.0,544.0,210,MWI,Exterior
528.0,536.0,210,MWI,Exterior
520.0,536.0,210,MWI,Exterior
528.0,376.0,211,ETH,Exterior
520.0,376.0,211,ETH,Exterior
520.0,384.0,211,ETH,Exterior
520.0,392.0,211,ETH,Exterior
520.0,400.0,211,ETH,Exterior
520.0,408.0,211,ETH,Exterior
528.0,408.0,211,ETH,Exterior
528.0,416.0,211,ETH,Exterior
528.0,424.0,211,ETH,Exterior
528.0,432.0,211,ETH,Exterior
536.0,432.0,211,ETH,Exterior
544.0,432.0,211,ETH,Exterior
552.0,432.0,211,ETH,Exterior
560.0,432.0,211,ETH,Exterior
560.0,440.0,211,ETH,Exterior
568.0,440.0,211,ETH,Exterior
568.0,432.0,211,ETH,Exterior
576.0,432.0,211,ETH,Exterior
576.0,424.0,211,ETH,Exterior
576.0,416.0,211,ETH,Exterior
584.0,416.0,211,ETH,Exterior
584.0,408.0,211,ETH,Exterior
584.0,400.0,211,ETH,Exterior
576.0,400.0,211,ETH,Exterior
576.0,392.0,211,ETH,Exterior
568.0,392.0,211,ETH,Exterior
568.0,384.0,211,ETH,Exterior
560.0,384.0,211,ETH,Exterior
560.0,376.0,211,ETH,Exterior
552.0,376.0,211,ETH,Exterior
544.0,376.0,211,ETH,Exterior
536.0,376.0,211,ETH,Exterior
528.0,376.0,211,ETH,Exterior
536.0,432.0,212,KEN,Exterior
528.0,432.0,212,KEN,Exterior
528.0,440.0,212,KEN,Exterior
520.0,440.0,212,KEN,Exterior
520.0,448.0,212,KEN,Exterior
520.0,456.0,212,KEN,Exterior
520.0,464.0,212,KEN,Exterior
528.0,464.0,212,KEN,Exterior
528.0,472.0,212,KEN,Exterior
536.0,472.0,212,KEN,Exterior
536.0,480.0,212,KEN,Exterior
544.0,480.0,212,KEN,Exterior
552.0,480.0,212,KEN,Exterior
552.0,472.0,212,KEN,Exterior
552.0,464.0,212,KEN,Exterior
552.0,456.0,212,KEN,Exterior
560.0,456.0,212,KEN,Exterior
568.0,456.0,212,KEN,Exterior
568.0,448.0,212,KEN,Exterior
568.0,440.0,212,KEN,Exterior
560.0,440.0,212,KEN,Exterior
560.0,432.0,212,KEN,Exterior
552.0,432.0,212,KEN,Exterior
544.0,432.0,212,KEN,Exterior
536.0,432.0,212,KEN,Exterior
568.0,432.0,213,KEN,Exterior
568.0,440.0,213,KEN,Exterior
576.0,440.0,213,KEN,Exterior
576.0,432.0,213,KEN,Exterior
568.0,432.0,213,KEN,Exterior
568.0,536.0,214,MDG,Exterior
568.0,528.0,214,MDG,Exterior
560.0,528.0,214,MDG,Exterior
560.0,536.0,214,MDG,Exterior
552.0,536.0,214,MDG,Exterior
552.0,544.0,214,MDG,Exterior
544.0,544.0,214,MDG,Exterior
544.0,552.0,214,MDG,Exterior
544.0,560.0,214,MDG,Exterior
544.0,568.0,214,MDG,Exterior
536.0,568.0,214,MDG,Exterior
536.0,576.0,214,MDG,Exterior
536.0,584.0,214,MDG,Exterior
544.0,584.0,214,MDG,Exterior
552.0,584.0,214,MDG,Exterior
560.0,584.0,214,MDG,Exterior
560.0,576.0,214,MDG,Exterior
560.0,568.0,214,MDG,Exterior
560.0,560.0,214,MDG,Exterior
568.0,560.0,214,MDG,Exterior
568.0,552.0,214,MDG,Exterior
568.0,544.0,214,MDG,Exterior
568.0,536.0,214,MDG,Exterior
544.0,520.0,215,COM,Exterior
544.0,528.0,215,COM,Exterior
552.0,528.0,215,COM,Exterior
552.0,520.0,215,COM,Exterior
544.0,520.0,215,COM,Exterior
552.0,520.0,216,MYT,Exterior
552.0,528.0,216,MYT,Exterior
560.0,528.0,216,MYT,Exterior
560.0,520.0,216,MYT,Exterior
552.0,520.0,216,MYT,Exterior
568.0,384.0,217,ERI,Exterior
568.0,376.0,217,ERI,Exterior
560.0,376.0,217,ERI,Exterior
560.0,384.0,217,ERI,Exterior
568.0,384.0,217,ERI,Exterior
568.0,384.0,218,ERI,Exterior
568.0,392.0,218,ERI,Exterior
576.0,392.0,218,ERI,Exterior
576.0,384.0,218,ERI,Exterior
568.0,384.0,218,ERI,Exterior
592.0,400.0,219,SOM,Exterior
584.0,400.0,219,SOM,Exterior
584.0,408.0,219,SOM,Exterior
584.0,416.0,219,SOM,Exterior
592.0,416.0,219,SOM,Exterior
600.0,416.0,219,SOM,Exterior
608.0,416.0,219,SOM,Exterior
608.0,408.0,219,SOM,Exterior
600.0,408.0,219,SOM,Exterior
600.0,400.0,219,SOM,Exterior
592.0,400.0,219,SOM,Exterior
584.0,424.0,220,SOM,Exterior
584.0,416.0,220,SOM,Exterior
576.0,416.0,220,SOM,Exterior
576.0,424.0,220,SOM,Exterior
576.0,432.0,220,SOM,Exterior
584.0,432.0,220,SOM,Exterior
584.0,424.0,220,SOM,Exterior
576.0,392.0,221,DJI,Exterior
576.0,400.0,221,DJI,Exterior
584.0,400.0,221,DJI,Exterior
584.0,392.0,221,DJI,Exterior
576.0,392.0,221,DJI,Exterior
584.0,544.0,222,MUS,Exterior
584.0,552.0,222,MUS,Exterior
592.0,552.0,222,MUS,Exterior
592.0,544.0,222,MUS,Exterior
584.0,544.0,222,MUS,Exterior
